dataset,rewire,theta,seed,n_added,edge_precision,edge_recall,hallucination,pair_precision,pair_recall,cov_after
synthetic,0.0,0.0,0,2,1.0,1.0,0.0,1.0,1.0,1.0
synthetic,0.0,0.5,0,2,1.0,1.0,0.0,1.0,1.0,1.0
synthetic,0.0,0.55,0,2,1.0,1.0,0.0,1.0,1.0,1.0
synthetic,0.0,0.6,0,2,1.0,1.0,0.0,1.0,1.0,1.0
synthetic,0.0,0.75,0,2,1.0,1.0,0.0,1.0,1.0,1.0
synthetic,0.0,0.85,0,2,1.0,1.0,0.0,1.0,1.0,1.0
synthetic,0.0,0.9,0,2,1.0,1.0,0.0,1.0,1.0,1.0
synthetic,0.0,0.95,0,0,,0.0,,,0.0,0.85
synthetic,0.0,1.0,0,0,,0.0,,,0.0,0.85
synthetic,0.0,1.01,0,0,,0.0,,,0.0,0.85
synthetic,0.0,0.0,1,2,1.0,1.0,0.0,1.0,1.0,1.0
synthetic,0.0,0.5,1,2,1.0,1.0,0.0,1.0,1.0,1.0
synthetic,0.0,0.55,1,2,1.0,1.0,0.0,1.0,1.0,1.0
synthetic,0.0,0.6,1,2,1.0,1.0,0.0,1.0,1.0,1.0
synthetic,0.0,0.75,1,2,1.0,1.0,0.0,1.0,1.0,1.0
synthetic,0.0,0.85,1,2,1.0,1.0,0.0,1.0,1.0,1.0
synthetic,0.0,0.9,1,2,1.0,1.0,0.0,1.0,1.0,1.0
synthetic,0.0,0.95,1,0,,0.0,,,0.0,0.75
synthetic,0.0,1.0,1,0,,0.0,,,0.0,0.75
synthetic,0.0,1.01,1,0,,0.0,,,0.0,0.75
synthetic,0.0,0.0,2,2,1.0,1.0,0.0,1.0,1.0,1.0
synthetic,0.0,0.5,2,2,1.0,1.0,0.0,1.0,1.0,1.0
synthetic,0.0,0.55,2,2,1.0,1.0,0.0,1.0,1.0,1.0
synthetic,0.0,0.6,2,2,1.0,1.0,0.0,1.0,1.0,1.0
synthetic,0.0,0.75,2,2,1.0,1.0,0.0,1.0,1.0,1.0
synthetic,0.0,0.85,2,2,1.0,1.0,0.0,1.0,1.0,1.0
synthetic,0.0,0.9,2,2,1.0,1.0,0.0,1.0,1.0,1.0
synthetic,0.0,0.95,2,0,,0.0,,,0.0,0.85
synthetic,0.0,1.0,2,0,,0.0,,,0.0,0.85
synthetic,0.0,1.01,2,0,,0.0,,,0.0,0.85
synthetic,0.0,0.0,3,2,1.0,1.0,0.0,1.0,1.0,1.0
synthetic,0.0,0.5,3,2,1.0,1.0,0.0,1.0,1.0,1.0
synthetic,0.0,0.55,3,2,1.0,1.0,0.0,1.0,1.0,1.0
synthetic,0.0,0.6,3,2,1.0,1.0,0.0,1.0,1.0,1.0
synthetic,0.0,0.75,3,2,1.0,1.0,0.0,1.0,1.0,1.0
synthetic,0.0,0.85,3,2,1.0,1.0,0.0,1.0,1.0,1.0
synthetic,0.0,0.9,3,2,1.0,1.0,0.0,1.0,1.0,1.0
synthetic,0.0,0.95,3,0,,0.0,,,0.0,0.75
synthetic,0.0,1.0,3,0,,0.0,,,0.0,0.75
synthetic,0.0,1.01,3,0,,0.0,,,0.0,0.75
synthetic,0.0,0.0,4,2,1.0,1.0,0.0,1.0,1.0,1.0
synthetic,0.0,0.5,4,2,1.0,1.0,0.0,1.0,1.0,1.0
synthetic,0.0,0.55,4,2,1.0,1.0,0.0,1.0,1.0,1.0
synthetic,0.0,0.6,4,2,1.0,1.0,0.0,1.0,1.0,1.0
synthetic,0.0,0.75,4,2,1.0,1.0,0.0,1.0,1.0,1.0
synthetic,0.0,0.85,4,2,1.0,1.0,0.0,1.0,1.0,1.0
synthetic,0.0,0.9,4,2,1.0,1.0,0.0,1.0,1.0,1.0
synthetic,0.0,0.95,4,0,,0.0,,,0.0,0.85
synthetic,0.0,1.0,4,0,,0.0,,,0.0,0.85
synthetic,0.0,1.01,4,0,,0.0,,,0.0,0.85
synthetic,0.0,0.0,5,2,1.0,1.0,0.0,1.0,1.0,1.0
synthetic,0.0,0.5,5,2,1.0,1.0,0.0,1.0,1.0,1.0
synthetic,0.0,0.55,5,2,1.0,1.0,0.0,1.0,1.0,1.0
synthetic,0.0,0.6,5,2,1.0,1.0,0.0,1.0,1.0,1.0
synthetic,0.0,0.75,5,2,1.0,1.0,0.0,1.0,1.0,1.0
synthetic,0.0,0.85,5,2,1.0,1.0,0.0,1.0,1.0,1.0
synthetic,0.0,0.9,5,2,1.0,1.0,0.0,1.0,1.0,1.0
synthetic,0.0,0.95,5,0,,0.0,,,0.0,0.8
synthetic,0.0,1.0,5,0,,0.0,,,0.0,0.8
synthetic,0.0,1.01,5,0,,0.0,,,0.0,0.8
synthetic,0.0,0.0,6,2,1.0,1.0,0.0,1.0,1.0,1.0
synthetic,0.0,0.5,6,2,1.0,1.0,0.0,1.0,1.0,1.0
synthetic,0.0,0.55,6,2,1.0,1.0,0.0,1.0,1.0,1.0
synthetic,0.0,0.6,6,2,1.0,1.0,0.0,1.0,1.0,1.0
synthetic,0.0,0.75,6,2,1.0,1.0,0.0,1.0,1.0,1.0
synthetic,0.0,0.85,6,2,1.0,1.0,0.0,1.0,1.0,1.0
synthetic,0.0,0.9,6,2,1.0,1.0,0.0,1.0,1.0,1.0
synthetic,0.0,0.95,6,0,,0.0,,,0.0,0.8
synthetic,0.0,1.0,6,0,,0.0,,,0.0,0.8
synthetic,0.0,1.01,6,0,,0.0,,,0.0,0.8
synthetic,0.0,0.0,7,2,1.0,1.0,0.0,1.0,1.0,1.0
synthetic,0.0,0.5,7,2,1.0,1.0,0.0,1.0,1.0,1.0
synthetic,0.0,0.55,7,2,1.0,1.0,0.0,1.0,1.0,1.0
synthetic,0.0,0.6,7,2,1.0,1.0,0.0,1.0,1.0,1.0
synthetic,0.0,0.75,7,2,1.0,1.0,0.0,1.0,1.0,1.0
synthetic,0.0,0.85,7,2,1.0,1.0,0.0,1.0,1.0,1.0
synthetic,0.0,0.9,7,2,1.0,1.0,0.0,1.0,1.0,1.0
synthetic,0.0,0.95,7,0,,0.0,,,0.0,0.7
synthetic,0.0,1.0,7,0,,0.0,,,0.0,0.7
synthetic,0.0,1.01,7,0,,0.0,,,0.0,0.7
synthetic,0.0,0.0,8,2,1.0,1.0,0.0,1.0,1.0,1.0
synthetic,0.0,0.5,8,2,1.0,1.0,0.0,1.0,1.0,1.0
synthetic,0.0,0.55,8,2,1.0,1.0,0.0,1.0,1.0,1.0
synthetic,0.0,0.6,8,2,1.0,1.0,0.0,1.0,1.0,1.0
synthetic,0.0,0.75,8,2,1.0,1.0,0.0,1.0,1.0,1.0
synthetic,0.0,0.85,8,2,1.0,1.0,0.0,1.0,1.0,1.0
synthetic,0.0,0.9,8,2,1.0,1.0,0.0,1.0,1.0,1.0
synthetic,0.0,0.95,8,0,,0.0,,,0.0,0.85
synthetic,0.0,1.0,8,0,,0.0,,,0.0,0.85
synthetic,0.0,1.01,8,0,,0.0,,,0.0,0.85
synthetic,0.0,0.0,9,2,1.0,1.0,0.0,1.0,1.0,1.0
synthetic,0.0,0.5,9,2,1.0,1.0,0.0,1.0,1.0,1.0
synthetic,0.0,0.55,9,2,1.0,1.0,0.0,1.0,1.0,1.0
synthetic,0.0,0.6,9,2,1.0,1.0,0.0,1.0,1.0,1.0
synthetic,0.0,0.75,9,2,1.0,1.0,0.0,1.0,1.0,1.0
synthetic,0.0,0.85,9,2,1.0,1.0,0.0,1.0,1.0,1.0
synthetic,0.0,0.9,9,2,1.0,1.0,0.0,1.0,1.0,1.0
synthetic,0.0,0.95,9,0,,0.0,,,0.0,0.75
synthetic,0.0,1.0,9,0,,0.0,,,0.0,0.75
synthetic,0.0,1.01,9,0,,0.0,,,0.0,0.75
synthetic,0.0,0.0,10,2,1.0,1.0,0.0,1.0,1.0,1.0
synthetic,0.0,0.5,10,2,1.0,1.0,0.0,1.0,1.0,1.0
synthetic,0.0,0.55,10,2,1.0,1.0,0.0,1.0,1.0,1.0
synthetic,0.0,0.6,10,2,1.0,1.0,0.0,1.0,1.0,1.0
synthetic,0.0,0.75,10,2,1.0,1.0,0.0,1.0,1.0,1.0
synthetic,0.0,0.85,10,2,1.0,1.0,0.0,1.0,1.0,1.0
synthetic,0.0,0.9,10,2,1.0,1.0,0.0,1.0,1.0,1.0
synthetic,0.0,0.95,10,0,,0.0,,,0.0,0.8
synthetic,0.0,1.0,10,0,,0.0,,,0.0,0.8
synthetic,0.0,1.01,10,0,,0.0,,,0.0,0.8
synthetic,0.0,0.0,11,2,1.0,1.0,0.0,1.0,1.0,1.0
synthetic,0.0,0.5,11,2,1.0,1.0,0.0,1.0,1.0,1.0
synthetic,0.0,0.55,11,2,1.0,1.0,0.0,1.0,1.0,1.0
synthetic,0.0,0.6,11,2,1.0,1.0,0.0,1.0,1.0,1.0
synthetic,0.0,0.75,11,2,1.0,1.0,0.0,1.0,1.0,1.0
synthetic,0.0,0.85,11,2,1.0,1.0,0.0,1.0,1.0,1.0
synthetic,0.0,0.9,11,2,1.0,1.0,0.0,1.0,1.0,1.0
synthetic,0.0,0.95,11,0,,0.0,,,0.0,0.85
synthetic,0.0,1.0,11,0,,0.0,,,0.0,0.85
synthetic,0.0,1.01,11,0,,0.0,,,0.0,0.85
synthetic,0.0,0.0,12,2,1.0,1.0,0.0,1.0,1.0,1.0
synthetic,0.0,0.5,12,2,1.0,1.0,0.0,1.0,1.0,1.0
synthetic,0.0,0.55,12,2,1.0,1.0,0.0,1.0,1.0,1.0
synthetic,0.0,0.6,12,2,1.0,1.0,0.0,1.0,1.0,1.0
synthetic,0.0,0.75,12,2,1.0,1.0,0.0,1.0,1.0,1.0
synthetic,0.0,0.85,12,2,1.0,1.0,0.0,1.0,1.0,1.0
synthetic,0.0,0.9,12,2,1.0,1.0,0.0,1.0,1.0,1.0
synthetic,0.0,0.95,12,0,,0.0,,,0.0,0.7
synthetic,0.0,1.0,12,0,,0.0,,,0.0,0.7
synthetic,0.0,1.01,12,0,,0.0,,,0.0,0.7
synthetic,0.0,0.0,13,2,1.0,1.0,0.0,1.0,1.0,1.0
synthetic,0.0,0.5,13,2,1.0,1.0,0.0,1.0,1.0,1.0
synthetic,0.0,0.55,13,2,1.0,1.0,0.0,1.0,1.0,1.0
synthetic,0.0,0.6,13,2,1.0,1.0,0.0,1.0,1.0,1.0
synthetic,0.0,0.75,13,2,1.0,1.0,0.0,1.0,1.0,1.0
synthetic,0.0,0.85,13,2,1.0,1.0,0.0,1.0,1.0,1.0
synthetic,0.0,0.9,13,2,1.0,1.0,0.0,1.0,1.0,1.0
synthetic,0.0,0.95,13,0,,0.0,,,0.0,0.8
synthetic,0.0,1.0,13,0,,0.0,,,0.0,0.8
synthetic,0.0,1.01,13,0,,0.0,,,0.0,0.8
synthetic,0.0,0.0,14,2,1.0,1.0,0.0,1.0,1.0,1.0
synthetic,0.0,0.5,14,2,1.0,1.0,0.0,1.0,1.0,1.0
synthetic,0.0,0.55,14,2,1.0,1.0,0.0,1.0,1.0,1.0
synthetic,0.0,0.6,14,2,1.0,1.0,0.0,1.0,1.0,1.0
synthetic,0.0,0.75,14,2,1.0,1.0,0.0,1.0,1.0,1.0
synthetic,0.0,0.85,14,2,1.0,1.0,0.0,1.0,1.0,1.0
synthetic,0.0,0.9,14,2,1.0,1.0,0.0,1.0,1.0,1.0
synthetic,0.0,0.95,14,0,,0.0,,,0.0,0.9
synthetic,0.0,1.0,14,0,,0.0,,,0.0,0.9
synthetic,0.0,1.01,14,0,,0.0,,,0.0,0.9
synthetic,0.1,0.0,0,3,0.6666666666666666,1.0,0.3333333333333333,0.6,1.0,1.0
synthetic,0.1,0.5,0,3,0.6666666666666666,1.0,0.3333333333333333,0.6,1.0,1.0
synthetic,0.1,0.55,0,3,0.6666666666666666,1.0,0.3333333333333333,0.6,1.0,1.0
synthetic,0.1,0.6,0,3,0.6666666666666666,1.0,0.3333333333333333,0.6,1.0,1.0
synthetic,0.1,0.75,0,3,0.6666666666666666,1.0,0.3333333333333333,0.6,1.0,1.0
synthetic,0.1,0.85,0,3,0.6666666666666666,1.0,0.3333333333333333,0.6,1.0,1.0
synthetic,0.1,0.9,0,3,0.6666666666666666,1.0,0.3333333333333333,0.6,1.0,1.0
synthetic,0.1,0.95,0,0,,0.0,,,0.0,0.85
synthetic,0.1,1.0,0,0,,0.0,,,0.0,0.85
synthetic,0.1,1.01,0,0,,0.0,,,0.0,0.85
synthetic,0.1,0.0,1,2,0.5,0.5,0.5,0.5714285714285714,0.8,0.95
synthetic,0.1,0.5,1,2,0.5,0.5,0.5,0.5714285714285714,0.8,0.95
synthetic,0.1,0.55,1,2,0.5,0.5,0.5,0.5714285714285714,0.8,0.95
synthetic,0.1,0.6,1,2,0.5,0.5,0.5,0.5714285714285714,0.8,0.95
synthetic,0.1,0.75,1,2,0.5,0.5,0.5,0.5714285714285714,0.8,0.95
synthetic,0.1,0.85,1,2,0.5,0.5,0.5,0.5714285714285714,0.8,0.95
synthetic,0.1,0.9,1,2,0.5,0.5,0.5,0.5714285714285714,0.8,0.95
synthetic,0.1,0.95,1,0,,0.0,,,0.0,0.75
synthetic,0.1,1.0,1,0,,0.0,,,0.0,0.75
synthetic,0.1,1.01,1,0,,0.0,,,0.0,0.75
synthetic,0.1,0.0,2,3,0.6666666666666666,1.0,0.3333333333333333,0.42857142857142855,1.0,1.0
synthetic,0.1,0.5,2,3,0.6666666666666666,1.0,0.3333333333333333,0.42857142857142855,1.0,1.0
synthetic,0.1,0.55,2,3,0.6666666666666666,1.0,0.3333333333333333,0.42857142857142855,1.0,1.0
synthetic,0.1,0.6,2,3,0.6666666666666666,1.0,0.3333333333333333,0.42857142857142855,1.0,1.0
synthetic,0.1,0.75,2,3,0.6666666666666666,1.0,0.3333333333333333,0.42857142857142855,1.0,1.0
synthetic,0.1,0.85,2,3,0.6666666666666666,1.0,0.3333333333333333,0.42857142857142855,1.0,1.0
synthetic,0.1,0.9,2,3,0.6666666666666666,1.0,0.3333333333333333,0.42857142857142855,1.0,1.0
synthetic,0.1,0.95,2,0,,0.0,,,0.0,0.85
synthetic,0.1,1.0,2,0,,0.0,,,0.0,0.85
synthetic,0.1,1.01,2,0,,0.0,,,0.0,0.85
synthetic,0.1,0.0,3,2,0.5,0.5,0.5,1.0,0.75,0.95
synthetic,0.1,0.5,3,2,0.5,0.5,0.5,1.0,0.75,0.95
synthetic,0.1,0.55,3,2,0.5,0.5,0.5,1.0,0.75,0.95
synthetic,0.1,0.6,3,2,0.5,0.5,0.5,1.0,0.75,0.95
synthetic,0.1,0.75,3,2,0.5,0.5,0.5,1.0,0.75,0.95
synthetic,0.1,0.85,3,2,0.5,0.5,0.5,1.0,0.75,0.95
synthetic,0.1,0.9,3,2,0.5,0.5,0.5,1.0,0.75,0.95
synthetic,0.1,0.95,3,0,,0.0,,,0.0,0.8
synthetic,0.1,1.0,3,0,,0.0,,,0.0,0.8
synthetic,0.1,1.01,3,0,,0.0,,,0.0,0.8
synthetic,0.1,0.0,4,2,0.5,0.5,0.5,0.6666666666666666,1.0,1.0
synthetic,0.1,0.5,4,2,0.5,0.5,0.5,0.6666666666666666,1.0,1.0
synthetic,0.1,0.55,4,2,0.5,0.5,0.5,0.6666666666666666,1.0,1.0
synthetic,0.1,0.6,4,2,0.5,0.5,0.5,0.6666666666666666,1.0,1.0
synthetic,0.1,0.75,4,2,0.5,0.5,0.5,0.6666666666666666,1.0,1.0
synthetic,0.1,0.85,4,2,0.5,0.5,0.5,0.6666666666666666,1.0,1.0
synthetic,0.1,0.9,4,2,0.5,0.5,0.5,0.6666666666666666,1.0,1.0
synthetic,0.1,0.95,4,0,,0.0,,,0.0,0.9
synthetic,0.1,1.0,4,0,,0.0,,,0.0,0.9
synthetic,0.1,1.01,4,0,,0.0,,,0.0,0.9
synthetic,0.1,0.0,5,2,0.5,0.5,0.5,0.6,0.75,0.95
synthetic,0.1,0.5,5,2,0.5,0.5,0.5,0.6,0.75,0.95
synthetic,0.1,0.55,5,2,0.5,0.5,0.5,0.6,0.75,0.95
synthetic,0.1,0.6,5,2,0.5,0.5,0.5,0.6,0.75,0.95
synthetic,0.1,0.75,5,2,0.5,0.5,0.5,0.6,0.75,0.95
synthetic,0.1,0.85,5,2,0.5,0.5,0.5,0.6,0.75,0.95
synthetic,0.1,0.9,5,2,0.5,0.5,0.5,0.6,0.75,0.95
synthetic,0.1,0.95,5,0,,0.0,,,0.0,0.8
synthetic,0.1,1.0,5,0,,0.0,,,0.0,0.8
synthetic,0.1,1.01,5,0,,0.0,,,0.0,0.8
synthetic,0.1,0.0,6,3,0.6666666666666666,1.0,0.3333333333333333,0.5555555555555556,1.0,1.0
synthetic,0.1,0.5,6,3,0.6666666666666666,1.0,0.3333333333333333,0.5555555555555556,1.0,1.0
synthetic,0.1,0.55,6,3,0.6666666666666666,1.0,0.3333333333333333,0.5555555555555556,1.0,1.0
synthetic,0.1,0.6,6,3,0.6666666666666666,1.0,0.3333333333333333,0.5555555555555556,1.0,1.0
synthetic,0.1,0.75,6,3,0.6666666666666666,1.0,0.3333333333333333,0.5555555555555556,1.0,1.0
synthetic,0.1,0.85,6,3,0.6666666666666666,1.0,0.3333333333333333,0.5555555555555556,1.0,1.0
synthetic,0.1,0.9,6,3,0.6666666666666666,1.0,0.3333333333333333,0.5555555555555556,1.0,1.0
synthetic,0.1,0.95,6,0,,0.0,,,0.0,0.75
synthetic,0.1,1.0,6,0,,0.0,,,0.0,0.75
synthetic,0.1,1.01,6,0,,0.0,,,0.0,0.75
synthetic,0.1,0.0,7,3,0.6666666666666666,1.0,0.3333333333333333,0.75,1.0,1.0
synthetic,0.1,0.5,7,3,0.6666666666666666,1.0,0.3333333333333333,0.75,1.0,1.0
synthetic,0.1,0.55,7,3,0.6666666666666666,1.0,0.3333333333333333,0.75,1.0,1.0
synthetic,0.1,0.6,7,3,0.6666666666666666,1.0,0.3333333333333333,0.75,1.0,1.0
synthetic,0.1,0.75,7,3,0.6666666666666666,1.0,0.3333333333333333,0.75,1.0,1.0
synthetic,0.1,0.85,7,3,0.6666666666666666,1.0,0.3333333333333333,0.75,1.0,1.0
synthetic,0.1,0.9,7,3,0.6666666666666666,1.0,0.3333333333333333,0.75,1.0,1.0
synthetic,0.1,0.95,7,0,,0.0,,,0.0,0.85
synthetic,0.1,1.0,7,0,,0.0,,,0.0,0.85
synthetic,0.1,1.01,7,0,,0.0,,,0.0,0.85
synthetic,0.1,0.0,8,2,0.5,0.5,0.5,0.3333333333333333,0.2,0.8
synthetic,0.1,0.5,8,2,0.5,0.5,0.5,0.3333333333333333,0.2,0.8
synthetic,0.1,0.55,8,2,0.5,0.5,0.5,0.3333333333333333,0.2,0.8
synthetic,0.1,0.6,8,2,0.5,0.5,0.5,0.3333333333333333,0.2,0.8
synthetic,0.1,0.75,8,2,0.5,0.5,0.5,0.3333333333333333,0.2,0.8
synthetic,0.1,0.85,8,2,0.5,0.5,0.5,0.3333333333333333,0.2,0.8
synthetic,0.1,0.9,8,2,0.5,0.5,0.5,0.3333333333333333,0.2,0.8
synthetic,0.1,0.95,8,0,,0.0,,,0.0,0.75
synthetic,0.1,1.0,8,0,,0.0,,,0.0,0.75
synthetic,0.1,1.01,8,0,,0.0,,,0.0,0.75
synthetic,0.1,0.0,9,3,0.6666666666666666,1.0,0.3333333333333333,0.42857142857142855,1.0,1.0
synthetic,0.1,0.5,9,3,0.6666666666666666,1.0,0.3333333333333333,0.42857142857142855,1.0,1.0
synthetic,0.1,0.55,9,3,0.6666666666666666,1.0,0.3333333333333333,0.42857142857142855,1.0,1.0
synthetic,0.1,0.6,9,3,0.6666666666666666,1.0,0.3333333333333333,0.42857142857142855,1.0,1.0
synthetic,0.1,0.75,9,3,0.6666666666666666,1.0,0.3333333333333333,0.42857142857142855,1.0,1.0
synthetic,0.1,0.85,9,3,0.6666666666666666,1.0,0.3333333333333333,0.42857142857142855,1.0,1.0
synthetic,0.1,0.9,9,3,0.6666666666666666,1.0,0.3333333333333333,0.42857142857142855,1.0,1.0
synthetic,0.1,0.95,9,0,,0.0,,,0.0,0.85
synthetic,0.1,1.0,9,0,,0.0,,,0.0,0.85
synthetic,0.1,1.01,9,0,,0.0,,,0.0,0.85
synthetic,0.1,0.0,10,3,0.6666666666666666,1.0,0.3333333333333333,0.4,1.0,1.0
synthetic,0.1,0.5,10,3,0.6666666666666666,1.0,0.3333333333333333,0.4,1.0,1.0
synthetic,0.1,0.55,10,3,0.6666666666666666,1.0,0.3333333333333333,0.4,1.0,1.0
synthetic,0.1,0.6,10,3,0.6666666666666666,1.0,0.3333333333333333,0.4,1.0,1.0
synthetic,0.1,0.75,10,3,0.6666666666666666,1.0,0.3333333333333333,0.4,1.0,1.0
synthetic,0.1,0.85,10,3,0.6666666666666666,1.0,0.3333333333333333,0.4,1.0,1.0
synthetic,0.1,0.9,10,3,0.6666666666666666,1.0,0.3333333333333333,0.4,1.0,1.0
synthetic,0.1,0.95,10,0,,0.0,,,0.0,0.9
synthetic,0.1,1.0,10,0,,0.0,,,0.0,0.9
synthetic,0.1,1.01,10,0,,0.0,,,0.0,0.9
synthetic,0.1,0.0,11,3,0.6666666666666666,1.0,0.3333333333333333,0.5,1.0,1.0
synthetic,0.1,0.5,11,3,0.6666666666666666,1.0,0.3333333333333333,0.5,1.0,1.0
synthetic,0.1,0.55,11,3,0.6666666666666666,1.0,0.3333333333333333,0.5,1.0,1.0
synthetic,0.1,0.6,11,3,0.6666666666666666,1.0,0.3333333333333333,0.5,1.0,1.0
synthetic,0.1,0.75,11,3,0.6666666666666666,1.0,0.3333333333333333,0.5,1.0,1.0
synthetic,0.1,0.85,11,3,0.6666666666666666,1.0,0.3333333333333333,0.5,1.0,1.0
synthetic,0.1,0.9,11,3,0.6666666666666666,1.0,0.3333333333333333,0.5,1.0,1.0
synthetic,0.1,0.95,11,0,,0.0,,,0.0,0.85
synthetic,0.1,1.0,11,0,,0.0,,,0.0,0.85
synthetic,0.1,1.01,11,0,,0.0,,,0.0,0.85
synthetic,0.1,0.0,12,3,0.6666666666666666,1.0,0.3333333333333333,0.25,1.0,1.0
synthetic,0.1,0.5,12,3,0.6666666666666666,1.0,0.3333333333333333,0.25,1.0,1.0
synthetic,0.1,0.55,12,3,0.6666666666666666,1.0,0.3333333333333333,0.25,1.0,1.0
synthetic,0.1,0.6,12,3,0.6666666666666666,1.0,0.3333333333333333,0.25,1.0,1.0
synthetic,0.1,0.75,12,3,0.6666666666666666,1.0,0.3333333333333333,0.25,1.0,1.0
synthetic,0.1,0.85,12,3,0.6666666666666666,1.0,0.3333333333333333,0.25,1.0,1.0
synthetic,0.1,0.9,12,3,0.6666666666666666,1.0,0.3333333333333333,0.25,1.0,1.0
synthetic,0.1,0.95,12,0,,0.0,,,0.0,0.9
synthetic,0.1,1.0,12,0,,0.0,,,0.0,0.9
synthetic,0.1,1.01,12,0,,0.0,,,0.0,0.9
synthetic,0.1,0.0,13,2,0.5,0.5,0.5,0.5,0.6666666666666666,0.95
synthetic,0.1,0.5,13,2,0.5,0.5,0.5,0.5,0.6666666666666666,0.95
synthetic,0.1,0.55,13,2,0.5,0.5,0.5,0.5,0.6666666666666666,0.95
synthetic,0.1,0.6,13,2,0.5,0.5,0.5,0.5,0.6666666666666666,0.95
synthetic,0.1,0.75,13,2,0.5,0.5,0.5,0.5,0.6666666666666666,0.95
synthetic,0.1,0.85,13,2,0.5,0.5,0.5,0.5,0.6666666666666666,0.95
synthetic,0.1,0.9,13,2,0.5,0.5,0.5,0.5,0.6666666666666666,0.95
synthetic,0.1,0.95,13,0,,0.0,,,0.0,0.85
synthetic,0.1,1.0,13,0,,0.0,,,0.0,0.85
synthetic,0.1,1.01,13,0,,0.0,,,0.0,0.85
synthetic,0.1,0.0,14,2,0.5,0.5,0.5,0.75,1.0,1.0
synthetic,0.1,0.5,14,2,0.5,0.5,0.5,0.75,1.0,1.0
synthetic,0.1,0.55,14,2,0.5,0.5,0.5,0.75,1.0,1.0
synthetic,0.1,0.6,14,2,0.5,0.5,0.5,0.75,1.0,1.0
synthetic,0.1,0.75,14,2,0.5,0.5,0.5,0.75,1.0,1.0
synthetic,0.1,0.85,14,2,0.5,0.5,0.5,0.75,1.0,1.0
synthetic,0.1,0.9,14,2,0.5,0.5,0.5,0.75,1.0,1.0
synthetic,0.1,0.95,14,0,,0.0,,,0.0,0.7
synthetic,0.1,1.0,14,0,,0.0,,,0.0,0.7
synthetic,0.1,1.01,14,0,,0.0,,,0.0,0.7
synthetic,0.2,0.0,0,3,0.3333333333333333,0.5,0.6666666666666666,0.2222222222222222,1.0,1.0
synthetic,0.2,0.5,0,3,0.3333333333333333,0.5,0.6666666666666666,0.2222222222222222,1.0,1.0
synthetic,0.2,0.55,0,3,0.3333333333333333,0.5,0.6666666666666666,0.2222222222222222,1.0,1.0
synthetic,0.2,0.6,0,3,0.3333333333333333,0.5,0.6666666666666666,0.2222222222222222,1.0,1.0
synthetic,0.2,0.75,0,3,0.3333333333333333,0.5,0.6666666666666666,0.2222222222222222,1.0,1.0
synthetic,0.2,0.85,0,3,0.3333333333333333,0.5,0.6666666666666666,0.2222222222222222,1.0,1.0
synthetic,0.2,0.9,0,3,0.3333333333333333,0.5,0.6666666666666666,0.2222222222222222,1.0,1.0
synthetic,0.2,0.95,0,0,,0.0,,,0.0,0.8
synthetic,0.2,1.0,0,0,,0.0,,,0.0,0.8
synthetic,0.2,1.01,0,0,,0.0,,,0.0,0.8
synthetic,0.2,0.0,1,3,0.3333333333333333,0.5,0.6666666666666666,0.5,0.8,0.95
synthetic,0.2,0.5,1,3,0.3333333333333333,0.5,0.6666666666666666,0.5,0.8,0.95
synthetic,0.2,0.55,1,3,0.3333333333333333,0.5,0.6666666666666666,0.5,0.8,0.95
synthetic,0.2,0.6,1,3,0.3333333333333333,0.5,0.6666666666666666,0.5,0.8,0.95
synthetic,0.2,0.75,1,3,0.3333333333333333,0.5,0.6666666666666666,0.5,0.8,0.95
synthetic,0.2,0.85,1,3,0.3333333333333333,0.5,0.6666666666666666,0.5,0.8,0.95
synthetic,0.2,0.9,1,3,0.3333333333333333,0.5,0.6666666666666666,0.5,0.8,0.95
synthetic,0.2,0.95,1,0,,0.0,,,0.0,0.75
synthetic,0.2,1.0,1,0,,0.0,,,0.0,0.75
synthetic,0.2,1.01,1,0,,0.0,,,0.0,0.75
synthetic,0.2,0.0,2,3,0.3333333333333333,0.5,0.6666666666666666,0.2,0.6666666666666666,0.95
synthetic,0.2,0.5,2,3,0.3333333333333333,0.5,0.6666666666666666,0.2,0.6666666666666666,0.95
synthetic,0.2,0.55,2,3,0.3333333333333333,0.5,0.6666666666666666,0.2,0.6666666666666666,0.95
synthetic,0.2,0.6,2,3,0.3333333333333333,0.5,0.6666666666666666,0.2,0.6666666666666666,0.95
synthetic,0.2,0.75,2,3,0.3333333333333333,0.5,0.6666666666666666,0.2,0.6666666666666666,0.95
synthetic,0.2,0.85,2,3,0.3333333333333333,0.5,0.6666666666666666,0.2,0.6666666666666666,0.95
synthetic,0.2,0.9,2,3,0.3333333333333333,0.5,0.6666666666666666,0.2,0.6666666666666666,0.95
synthetic,0.2,0.95,2,0,,0.0,,,0.0,0.85
synthetic,0.2,1.0,2,0,,0.0,,,0.0,0.85
synthetic,0.2,1.01,2,0,,0.0,,,0.0,0.85
synthetic,0.2,0.0,3,2,0.0,0.0,1.0,0.0,0.0,0.75
synthetic,0.2,0.5,3,2,0.0,0.0,1.0,0.0,0.0,0.75
synthetic,0.2,0.55,3,2,0.0,0.0,1.0,0.0,0.0,0.75
synthetic,0.2,0.6,3,2,0.0,0.0,1.0,0.0,0.0,0.75
synthetic,0.2,0.75,3,2,0.0,0.0,1.0,0.0,0.0,0.75
synthetic,0.2,0.85,3,2,0.0,0.0,1.0,0.0,0.0,0.75
synthetic,0.2,0.9,3,2,0.0,0.0,1.0,0.0,0.0,0.75
synthetic,0.2,0.95,3,0,,0.0,,,0.0,0.75
synthetic,0.2,1.0,3,0,,0.0,,,0.0,0.75
synthetic,0.2,1.01,3,0,,0.0,,,0.0,0.75
synthetic,0.2,0.0,4,3,0.3333333333333333,0.5,0.6666666666666666,0.2222222222222222,0.5,0.9
synthetic,0.2,0.5,4,3,0.3333333333333333,0.5,0.6666666666666666,0.2222222222222222,0.5,0.9
synthetic,0.2,0.55,4,3,0.3333333333333333,0.5,0.6666666666666666,0.2222222222222222,0.5,0.9
synthetic,0.2,0.6,4,3,0.3333333333333333,0.5,0.6666666666666666,0.2222222222222222,0.5,0.9
synthetic,0.2,0.75,4,3,0.3333333333333333,0.5,0.6666666666666666,0.2222222222222222,0.5,0.9
synthetic,0.2,0.85,4,3,0.3333333333333333,0.5,0.6666666666666666,0.2222222222222222,0.5,0.9
synthetic,0.2,0.9,4,3,0.3333333333333333,0.5,0.6666666666666666,0.2222222222222222,0.5,0.9
synthetic,0.2,0.95,4,0,,0.0,,,0.0,0.8
synthetic,0.2,1.0,4,0,,0.0,,,0.0,0.8
synthetic,0.2,1.01,4,0,,0.0,,,0.0,0.8
synthetic,0.2,0.0,5,3,0.3333333333333333,0.5,0.6666666666666666,0.75,0.6,0.9
synthetic,0.2,0.5,5,3,0.3333333333333333,0.5,0.6666666666666666,0.75,0.6,0.9
synthetic,0.2,0.55,5,3,0.3333333333333333,0.5,0.6666666666666666,0.75,0.6,0.9
synthetic,0.2,0.6,5,3,0.3333333333333333,0.5,0.6666666666666666,0.75,0.6,0.9
synthetic,0.2,0.75,5,3,0.3333333333333333,0.5,0.6666666666666666,0.75,0.6,0.9
synthetic,0.2,0.85,5,3,0.3333333333333333,0.5,0.6666666666666666,0.75,0.6,0.9
synthetic,0.2,0.9,5,3,0.3333333333333333,0.5,0.6666666666666666,0.75,0.6,0.9
synthetic,0.2,0.95,5,0,,0.0,,,0.0,0.75
synthetic,0.2,1.0,5,0,,0.0,,,0.0,0.75
synthetic,0.2,1.01,5,0,,0.0,,,0.0,0.75
synthetic,0.2,0.0,6,3,0.3333333333333333,0.5,0.6666666666666666,0.18181818181818182,1.0,1.0
synthetic,0.2,0.5,6,3,0.3333333333333333,0.5,0.6666666666666666,0.18181818181818182,1.0,1.0
synthetic,0.2,0.55,6,3,0.3333333333333333,0.5,0.6666666666666666,0.18181818181818182,1.0,1.0
synthetic,0.2,0.6,6,3,0.3333333333333333,0.5,0.6666666666666666,0.18181818181818182,1.0,1.0
synthetic,0.2,0.75,6,3,0.3333333333333333,0.5,0.6666666666666666,0.18181818181818182,1.0,1.0
synthetic,0.2,0.85,6,3,0.3333333333333333,0.5,0.6666666666666666,0.18181818181818182,1.0,1.0
synthetic,0.2,0.9,6,3,0.3333333333333333,0.5,0.6666666666666666,0.18181818181818182,1.0,1.0
synthetic,0.2,0.95,6,0,,0.0,,,0.0,0.9
synthetic,0.2,1.0,6,0,,0.0,,,0.0,0.9
synthetic,0.2,1.01,6,0,,0.0,,,0.0,0.9
synthetic,0.2,0.0,7,4,0.5,1.0,0.5,0.4444444444444444,1.0,1.0
synthetic,0.2,0.5,7,4,0.5,1.0,0.5,0.4444444444444444,1.0,1.0
synthetic,0.2,0.55,7,4,0.5,1.0,0.5,0.4444444444444444,1.0,1.0
synthetic,0.2,0.6,7,4,0.5,1.0,0.5,0.4444444444444444,1.0,1.0
synthetic,0.2,0.75,7,4,0.5,1.0,0.5,0.4444444444444444,1.0,1.0
synthetic,0.2,0.85,7,4,0.5,1.0,0.5,0.4444444444444444,1.0,1.0
synthetic,0.2,0.9,7,4,0.5,1.0,0.5,0.4444444444444444,1.0,1.0
synthetic,0.2,0.95,7,0,,0.0,,,0.0,0.8
synthetic,0.2,1.0,7,0,,0.0,,,0.0,0.8
synthetic,0.2,1.01,7,0,,0.0,,,0.0,0.8
synthetic,0.2,0.0,8,3,0.3333333333333333,0.5,0.6666666666666666,0.2222222222222222,0.6666666666666666,0.95
synthetic,0.2,0.5,8,3,0.3333333333333333,0.5,0.6666666666666666,0.2222222222222222,0.6666666666666666,0.95
synthetic,0.2,0.55,8,3,0.3333333333333333,0.5,0.6666666666666666,0.2222222222222222,0.6666666666666666,0.95
synthetic,0.2,0.6,8,3,0.3333333333333333,0.5,0.6666666666666666,0.2222222222222222,0.6666666666666666,0.95
synthetic,0.2,0.75,8,3,0.3333333333333333,0.5,0.6666666666666666,0.2222222222222222,0.6666666666666666,0.95
synthetic,0.2,0.85,8,3,0.3333333333333333,0.5,0.6666666666666666,0.2222222222222222,0.6666666666666666,0.95
synthetic,0.2,0.9,8,3,0.3333333333333333,0.5,0.6666666666666666,0.2222222222222222,0.6666666666666666,0.95
synthetic,0.2,0.95,8,0,,0.0,,,0.0,0.85
synthetic,0.2,1.0,8,0,,0.0,,,0.0,0.85
synthetic,0.2,1.01,8,0,,0.0,,,0.0,0.85
synthetic,0.2,0.0,9,2,0.0,0.0,1.0,0.2857142857142857,0.4,0.85
synthetic,0.2,0.5,9,2,0.0,0.0,1.0,0.2857142857142857,0.4,0.85
synthetic,0.2,0.55,9,2,0.0,0.0,1.0,0.2857142857142857,0.4,0.85
synthetic,0.2,0.6,9,2,0.0,0.0,1.0,0.2857142857142857,0.4,0.85
synthetic,0.2,0.75,9,2,0.0,0.0,1.0,0.2857142857142857,0.4,0.85
synthetic,0.2,0.85,9,2,0.0,0.0,1.0,0.2857142857142857,0.4,0.85
synthetic,0.2,0.9,9,2,0.0,0.0,1.0,0.2857142857142857,0.4,0.85
synthetic,0.2,0.95,9,0,,0.0,,,0.0,0.75
synthetic,0.2,1.0,9,0,,0.0,,,0.0,0.75
synthetic,0.2,1.01,9,0,,0.0,,,0.0,0.75
synthetic,0.2,0.0,10,3,0.3333333333333333,0.5,0.6666666666666666,0.1111111111111111,0.3333333333333333,0.9
synthetic,0.2,0.5,10,3,0.3333333333333333,0.5,0.6666666666666666,0.1111111111111111,0.3333333333333333,0.9
synthetic,0.2,0.55,10,3,0.3333333333333333,0.5,0.6666666666666666,0.1111111111111111,0.3333333333333333,0.9
synthetic,0.2,0.6,10,3,0.3333333333333333,0.5,0.6666666666666666,0.1111111111111111,0.3333333333333333,0.9
synthetic,0.2,0.75,10,3,0.3333333333333333,0.5,0.6666666666666666,0.1111111111111111,0.3333333333333333,0.9
synthetic,0.2,0.85,10,3,0.3333333333333333,0.5,0.6666666666666666,0.1111111111111111,0.3333333333333333,0.9
synthetic,0.2,0.9,10,3,0.3333333333333333,0.5,0.6666666666666666,0.1111111111111111,0.3333333333333333,0.9
synthetic,0.2,0.95,10,0,,0.0,,,0.0,0.85
synthetic,0.2,1.0,10,0,,0.0,,,0.0,0.85
synthetic,0.2,1.01,10,0,,0.0,,,0.0,0.85
synthetic,0.2,0.0,11,3,0.3333333333333333,0.5,0.6666666666666666,0.4,0.6666666666666666,0.95
synthetic,0.2,0.5,11,3,0.3333333333333333,0.5,0.6666666666666666,0.4,0.6666666666666666,0.95
synthetic,0.2,0.55,11,3,0.3333333333333333,0.5,0.6666666666666666,0.4,0.6666666666666666,0.95
synthetic,0.2,0.6,11,3,0.3333333333333333,0.5,0.6666666666666666,0.4,0.6666666666666666,0.95
synthetic,0.2,0.75,11,3,0.3333333333333333,0.5,0.6666666666666666,0.4,0.6666666666666666,0.95
synthetic,0.2,0.85,11,3,0.3333333333333333,0.5,0.6666666666666666,0.4,0.6666666666666666,0.95
synthetic,0.2,0.9,11,3,0.3333333333333333,0.5,0.6666666666666666,0.4,0.6666666666666666,0.95
synthetic,0.2,0.95,11,0,,0.0,,,0.0,0.85
synthetic,0.2,1.0,11,0,,0.0,,,0.0,0.85
synthetic,0.2,1.01,11,0,,0.0,,,0.0,0.85
synthetic,0.2,0.0,12,4,0.5,1.0,0.5,0.36363636363636365,1.0,1.0
synthetic,0.2,0.5,12,4,0.5,1.0,0.5,0.36363636363636365,1.0,1.0
synthetic,0.2,0.55,12,4,0.5,1.0,0.5,0.36363636363636365,1.0,1.0
synthetic,0.2,0.6,12,4,0.5,1.0,0.5,0.36363636363636365,1.0,1.0
synthetic,0.2,0.75,12,4,0.5,1.0,0.5,0.36363636363636365,1.0,1.0
synthetic,0.2,0.85,12,4,0.5,1.0,0.5,0.36363636363636365,1.0,1.0
synthetic,0.2,0.9,12,4,0.5,1.0,0.5,0.36363636363636365,1.0,1.0
synthetic,0.2,0.95,12,0,,0.0,,,0.0,0.8
synthetic,0.2,1.0,12,0,,0.0,,,0.0,0.8
synthetic,0.2,1.01,12,0,,0.0,,,0.0,0.8
synthetic,0.2,0.0,13,4,0.5,1.0,0.5,0.2857142857142857,1.0,1.0
synthetic,0.2,0.5,13,4,0.5,1.0,0.5,0.2857142857142857,1.0,1.0
synthetic,0.2,0.55,13,4,0.5,1.0,0.5,0.2857142857142857,1.0,1.0
synthetic,0.2,0.6,13,4,0.5,1.0,0.5,0.2857142857142857,1.0,1.0
synthetic,0.2,0.75,13,4,0.5,1.0,0.5,0.2857142857142857,1.0,1.0
synthetic,0.2,0.85,13,4,0.5,1.0,0.5,0.2857142857142857,1.0,1.0
synthetic,0.2,0.9,13,4,0.5,1.0,0.5,0.2857142857142857,1.0,1.0
synthetic,0.2,0.95,13,0,,0.0,,,0.0,0.9
synthetic,0.2,1.0,13,0,,0.0,,,0.0,0.9
synthetic,0.2,1.01,13,0,,0.0,,,0.0,0.9
synthetic,0.2,0.0,14,2,0.0,0.0,1.0,0.25,0.3333333333333333,0.9
synthetic,0.2,0.5,14,2,0.0,0.0,1.0,0.25,0.3333333333333333,0.9
synthetic,0.2,0.55,14,2,0.0,0.0,1.0,0.25,0.3333333333333333,0.9
synthetic,0.2,0.6,14,2,0.0,0.0,1.0,0.25,0.3333333333333333,0.9
synthetic,0.2,0.75,14,2,0.0,0.0,1.0,0.25,0.3333333333333333,0.9
synthetic,0.2,0.85,14,2,0.0,0.0,1.0,0.25,0.3333333333333333,0.9
synthetic,0.2,0.9,14,2,0.0,0.0,1.0,0.25,0.3333333333333333,0.9
synthetic,0.2,0.95,14,0,,0.0,,,0.0,0.85
synthetic,0.2,1.0,14,0,,0.0,,,0.0,0.85
synthetic,0.2,1.01,14,0,,0.0,,,0.0,0.85
synthetic,0.4,0.0,0,4,0.25,0.5,0.75,0.21428571428571427,0.6,0.9
synthetic,0.4,0.5,0,4,0.25,0.5,0.75,0.21428571428571427,0.6,0.9
synthetic,0.4,0.55,0,4,0.25,0.5,0.75,0.21428571428571427,0.6,0.9
synthetic,0.4,0.6,0,4,0.25,0.5,0.75,0.21428571428571427,0.6,0.9
synthetic,0.4,0.75,0,4,0.25,0.5,0.75,0.21428571428571427,0.6,0.9
synthetic,0.4,0.85,0,4,0.25,0.5,0.75,0.21428571428571427,0.6,0.9
synthetic,0.4,0.9,0,4,0.25,0.5,0.75,0.21428571428571427,0.6,0.9
synthetic,0.4,0.95,0,0,,0.0,,,0.0,0.75
synthetic,0.4,1.0,0,0,,0.0,,,0.0,0.75
synthetic,0.4,1.01,0,0,,0.0,,,0.0,0.75
synthetic,0.4,0.0,1,5,0.4,1.0,0.6,0.2,1.0,1.0
synthetic,0.4,0.5,1,5,0.4,1.0,0.6,0.2,1.0,1.0
synthetic,0.4,0.55,1,5,0.4,1.0,0.6,0.2,1.0,1.0
synthetic,0.4,0.6,1,5,0.4,1.0,0.6,0.2,1.0,1.0
synthetic,0.4,0.75,1,5,0.4,1.0,0.6,0.2,1.0,1.0
synthetic,0.4,0.85,1,5,0.4,1.0,0.6,0.2,1.0,1.0
synthetic,0.4,0.9,1,5,0.4,1.0,0.6,0.2,1.0,1.0
synthetic,0.4,0.95,1,0,,0.0,,,0.0,0.9
synthetic,0.4,1.0,1,0,,0.0,,,0.0,0.9
synthetic,0.4,1.01,1,0,,0.0,,,0.0,0.9
synthetic,0.4,0.0,2,4,0.25,0.5,0.75,0.3333333333333333,0.6,0.9
synthetic,0.4,0.5,2,4,0.25,0.5,0.75,0.3333333333333333,0.6,0.9
synthetic,0.4,0.55,2,4,0.25,0.5,0.75,0.3333333333333333,0.6,0.9
synthetic,0.4,0.6,2,4,0.25,0.5,0.75,0.3333333333333333,0.6,0.9
synthetic,0.4,0.75,2,4,0.25,0.5,0.75,0.3333333333333333,0.6,0.9
synthetic,0.4,0.85,2,4,0.25,0.5,0.75,0.3333333333333333,0.6,0.9
synthetic,0.4,0.9,2,4,0.25,0.5,0.75,0.3333333333333333,0.6,0.9
synthetic,0.4,0.95,2,0,,0.0,,,0.0,0.75
synthetic,0.4,1.0,2,0,,0.0,,,0.0,0.75
synthetic,0.4,1.01,2,0,,0.0,,,0.0,0.75
synthetic,0.4,0.0,3,4,0.25,0.5,0.75,0.2857142857142857,1.0,1.0
synthetic,0.4,0.5,3,4,0.25,0.5,0.75,0.2857142857142857,1.0,1.0
synthetic,0.4,0.55,3,4,0.25,0.5,0.75,0.2857142857142857,1.0,1.0
synthetic,0.4,0.6,3,4,0.25,0.5,0.75,0.2857142857142857,1.0,1.0
synthetic,0.4,0.75,3,4,0.25,0.5,0.75,0.2857142857142857,1.0,1.0
synthetic,0.4,0.85,3,4,0.25,0.5,0.75,0.2857142857142857,1.0,1.0
synthetic,0.4,0.9,3,4,0.25,0.5,0.75,0.2857142857142857,1.0,1.0
synthetic,0.4,0.95,3,0,,0.0,,,0.0,0.8
synthetic,0.4,1.0,3,0,,0.0,,,0.0,0.8
synthetic,0.4,1.01,3,0,,0.0,,,0.0,0.8
synthetic,0.4,0.0,4,3,0.0,0.0,1.0,0.125,0.3333333333333333,0.9
synthetic,0.4,0.5,4,3,0.0,0.0,1.0,0.125,0.3333333333333333,0.9
synthetic,0.4,0.55,4,3,0.0,0.0,1.0,0.125,0.3333333333333333,0.9
synthetic,0.4,0.6,4,3,0.0,0.0,1.0,0.125,0.3333333333333333,0.9
synthetic,0.4,0.75,4,3,0.0,0.0,1.0,0.125,0.3333333333333333,0.9
synthetic,0.4,0.85,4,3,0.0,0.0,1.0,0.125,0.3333333333333333,0.9
synthetic,0.4,0.9,4,3,0.0,0.0,1.0,0.125,0.3333333333333333,0.9
synthetic,0.4,0.95,4,0,,0.0,,,0.0,0.85
synthetic,0.4,1.0,4,0,,0.0,,,0.0,0.85
synthetic,0.4,1.01,4,0,,0.0,,,0.0,0.85
synthetic,0.4,0.0,5,5,0.4,1.0,0.6,0.4,1.0,1.0
synthetic,0.4,0.5,5,5,0.4,1.0,0.6,0.4,1.0,1.0
synthetic,0.4,0.55,5,5,0.4,1.0,0.6,0.4,1.0,1.0
synthetic,0.4,0.6,5,5,0.4,1.0,0.6,0.4,1.0,1.0
synthetic,0.4,0.75,5,5,0.4,1.0,0.6,0.4,1.0,1.0
synthetic,0.4,0.85,5,5,0.4,1.0,0.6,0.4,1.0,1.0
synthetic,0.4,0.9,5,5,0.4,1.0,0.6,0.4,1.0,1.0
synthetic,0.4,0.95,5,0,,0.0,,,0.0,0.8
synthetic,0.4,1.0,5,0,,0.0,,,0.0,0.8
synthetic,0.4,1.01,5,0,,0.0,,,0.0,0.8
synthetic,0.4,0.0,6,4,0.25,0.5,0.75,0.4444444444444444,0.8,0.95
synthetic,0.4,0.5,6,4,0.25,0.5,0.75,0.4444444444444444,0.8,0.95
synthetic,0.4,0.55,6,4,0.25,0.5,0.75,0.4444444444444444,0.8,0.95
synthetic,0.4,0.6,6,4,0.25,0.5,0.75,0.4444444444444444,0.8,0.95
synthetic,0.4,0.75,6,4,0.25,0.5,0.75,0.4444444444444444,0.8,0.95
synthetic,0.4,0.85,6,4,0.25,0.5,0.75,0.4444444444444444,0.8,0.95
synthetic,0.4,0.9,6,4,0.25,0.5,0.75,0.4444444444444444,0.8,0.95
synthetic,0.4,0.95,6,0,,0.0,,,0.0,0.75
synthetic,0.4,1.0,6,0,,0.0,,,0.0,0.75
synthetic,0.4,1.01,6,0,,0.0,,,0.0,0.75
synthetic,0.4,0.0,7,4,0.25,0.5,0.75,0.125,0.25,0.85
synthetic,0.4,0.5,7,4,0.25,0.5,0.75,0.125,0.25,0.85
synthetic,0.4,0.55,7,4,0.25,0.5,0.75,0.125,0.25,0.85
synthetic,0.4,0.6,7,4,0.25,0.5,0.75,0.125,0.25,0.85
synthetic,0.4,0.75,7,4,0.25,0.5,0.75,0.125,0.25,0.85
synthetic,0.4,0.85,7,4,0.25,0.5,0.75,0.125,0.25,0.85
synthetic,0.4,0.9,7,4,0.25,0.5,0.75,0.125,0.25,0.85
synthetic,0.4,0.95,7,0,,0.0,,,0.0,0.8
synthetic,0.4,1.0,7,0,,0.0,,,0.0,0.8
synthetic,0.4,1.01,7,0,,0.0,,,0.0,0.8
synthetic,0.4,0.0,8,4,0.25,0.5,0.75,0.1875,1.0,1.0
synthetic,0.4,0.5,8,4,0.25,0.5,0.75,0.1875,1.0,1.0
synthetic,0.4,0.55,8,4,0.25,0.5,0.75,0.1875,1.0,1.0
synthetic,0.4,0.6,8,4,0.25,0.5,0.75,0.1875,1.0,1.0
synthetic,0.4,0.75,8,4,0.25,0.5,0.75,0.1875,1.0,1.0
synthetic,0.4,0.85,8,4,0.25,0.5,0.75,0.1875,1.0,1.0
synthetic,0.4,0.9,8,4,0.25,0.5,0.75,0.1875,1.0,1.0
synthetic,0.4,0.95,8,0,,0.0,,,0.0,0.85
synthetic,0.4,1.0,8,0,,0.0,,,0.0,0.85
synthetic,0.4,1.01,8,0,,0.0,,,0.0,0.85
synthetic,0.4,0.0,9,4,0.25,0.5,0.75,0.25,0.6666666666666666,0.95
synthetic,0.4,0.5,9,4,0.25,0.5,0.75,0.25,0.6666666666666666,0.95
synthetic,0.4,0.55,9,4,0.25,0.5,0.75,0.25,0.6666666666666666,0.95
synthetic,0.4,0.6,9,4,0.25,0.5,0.75,0.25,0.6666666666666666,0.95
synthetic,0.4,0.75,9,4,0.25,0.5,0.75,0.25,0.6666666666666666,0.95
synthetic,0.4,0.85,9,4,0.25,0.5,0.75,0.25,0.6666666666666666,0.95
synthetic,0.4,0.9,9,4,0.25,0.5,0.75,0.25,0.6666666666666666,0.95
synthetic,0.4,0.95,9,0,,0.0,,,0.0,0.85
synthetic,0.4,1.0,9,0,,0.0,,,0.0,0.85
synthetic,0.4,1.01,9,0,,0.0,,,0.0,0.85
synthetic,0.4,0.0,10,5,0.4,1.0,0.6,0.2,1.0,1.0
synthetic,0.4,0.5,10,5,0.4,1.0,0.6,0.2,1.0,1.0
synthetic,0.4,0.55,10,5,0.4,1.0,0.6,0.2,1.0,1.0
synthetic,0.4,0.6,10,5,0.4,1.0,0.6,0.2,1.0,1.0
synthetic,0.4,0.75,10,5,0.4,1.0,0.6,0.2,1.0,1.0
synthetic,0.4,0.85,10,5,0.4,1.0,0.6,0.2,1.0,1.0
synthetic,0.4,0.9,10,5,0.4,1.0,0.6,0.2,1.0,1.0
synthetic,0.4,0.95,10,0,,0.0,,,0.0,0.9
synthetic,0.4,1.0,10,0,,0.0,,,0.0,0.9
synthetic,0.4,1.01,10,0,,0.0,,,0.0,0.9
synthetic,0.4,0.0,11,5,0.4,1.0,0.6,0.4,1.0,1.0
synthetic,0.4,0.5,11,5,0.4,1.0,0.6,0.4,1.0,1.0
synthetic,0.4,0.55,11,5,0.4,1.0,0.6,0.4,1.0,1.0
synthetic,0.4,0.6,11,5,0.4,1.0,0.6,0.4,1.0,1.0
synthetic,0.4,0.75,11,5,0.4,1.0,0.6,0.4,1.0,1.0
synthetic,0.4,0.85,11,5,0.4,1.0,0.6,0.4,1.0,1.0
synthetic,0.4,0.9,11,5,0.4,1.0,0.6,0.4,1.0,1.0
synthetic,0.4,0.95,11,0,,0.0,,,0.0,0.8
synthetic,0.4,1.0,11,0,,0.0,,,0.0,0.8
synthetic,0.4,1.01,11,0,,0.0,,,0.0,0.8
synthetic,0.4,0.0,12,5,0.4,1.0,0.6,0.45454545454545453,1.0,1.0
synthetic,0.4,0.5,12,5,0.4,1.0,0.6,0.45454545454545453,1.0,1.0
synthetic,0.4,0.55,12,5,0.4,1.0,0.6,0.45454545454545453,1.0,1.0
synthetic,0.4,0.6,12,5,0.4,1.0,0.6,0.45454545454545453,1.0,1.0
synthetic,0.4,0.75,12,5,0.4,1.0,0.6,0.45454545454545453,1.0,1.0
synthetic,0.4,0.85,12,5,0.4,1.0,0.6,0.45454545454545453,1.0,1.0
synthetic,0.4,0.9,12,5,0.4,1.0,0.6,0.45454545454545453,1.0,1.0
synthetic,0.4,0.95,12,0,,0.0,,,0.0,0.75
synthetic,0.4,1.0,12,0,,0.0,,,0.0,0.75
synthetic,0.4,1.01,12,0,,0.0,,,0.0,0.75
synthetic,0.4,0.0,13,5,0.4,1.0,0.6,0.25,1.0,1.0
synthetic,0.4,0.5,13,5,0.4,1.0,0.6,0.25,1.0,1.0
synthetic,0.4,0.55,13,5,0.4,1.0,0.6,0.25,1.0,1.0
synthetic,0.4,0.6,13,5,0.4,1.0,0.6,0.25,1.0,1.0
synthetic,0.4,0.75,13,5,0.4,1.0,0.6,0.25,1.0,1.0
synthetic,0.4,0.85,13,5,0.4,1.0,0.6,0.25,1.0,1.0
synthetic,0.4,0.9,13,5,0.4,1.0,0.6,0.25,1.0,1.0
synthetic,0.4,0.95,13,0,,0.0,,,0.0,0.85
synthetic,0.4,1.0,13,0,,0.0,,,0.0,0.85
synthetic,0.4,1.01,13,0,,0.0,,,0.0,0.85
synthetic,0.4,0.0,14,4,0.25,0.5,0.75,0.38461538461538464,1.0,1.0
synthetic,0.4,0.5,14,4,0.25,0.5,0.75,0.38461538461538464,1.0,1.0
synthetic,0.4,0.55,14,4,0.25,0.5,0.75,0.38461538461538464,1.0,1.0
synthetic,0.4,0.6,14,4,0.25,0.5,0.75,0.38461538461538464,1.0,1.0
synthetic,0.4,0.75,14,4,0.25,0.5,0.75,0.38461538461538464,1.0,1.0
synthetic,0.4,0.85,14,4,0.25,0.5,0.75,0.38461538461538464,1.0,1.0
synthetic,0.4,0.9,14,4,0.25,0.5,0.75,0.38461538461538464,1.0,1.0
synthetic,0.4,0.95,14,0,,0.0,,,0.0,0.75
synthetic,0.4,1.0,14,0,,0.0,,,0.0,0.75
synthetic,0.4,1.01,14,0,,0.0,,,0.0,0.75
wordnet:vehicle.n.01:2,0.0,0.0,0,9,1.0,0.9,0.0,1.0,1.0,1.0
wordnet:vehicle.n.01:2,0.0,0.5,0,9,1.0,0.9,0.0,1.0,1.0,1.0
wordnet:vehicle.n.01:2,0.0,0.55,0,9,1.0,0.9,0.0,1.0,1.0,1.0
wordnet:vehicle.n.01:2,0.0,0.6,0,9,1.0,0.9,0.0,1.0,1.0,1.0
wordnet:vehicle.n.01:2,0.0,0.75,0,9,1.0,0.9,0.0,1.0,1.0,1.0
wordnet:vehicle.n.01:2,0.0,0.85,0,9,1.0,0.9,0.0,1.0,1.0,1.0
wordnet:vehicle.n.01:2,0.0,0.9,0,9,1.0,0.9,0.0,1.0,1.0,1.0
wordnet:vehicle.n.01:2,0.0,0.95,0,0,,0.0,,,0.0,0.8702290076335878
wordnet:vehicle.n.01:2,0.0,1.0,0,0,,0.0,,,0.0,0.8702290076335878
wordnet:vehicle.n.01:2,0.0,1.01,0,0,,0.0,,,0.0,0.8702290076335878
wordnet:vehicle.n.01:2,0.0,0.0,1,10,1.0,1.0,0.0,1.0,1.0,1.0
wordnet:vehicle.n.01:2,0.0,0.5,1,10,1.0,1.0,0.0,1.0,1.0,1.0
wordnet:vehicle.n.01:2,0.0,0.55,1,10,1.0,1.0,0.0,1.0,1.0,1.0
wordnet:vehicle.n.01:2,0.0,0.6,1,10,1.0,1.0,0.0,1.0,1.0,1.0
wordnet:vehicle.n.01:2,0.0,0.75,1,10,1.0,1.0,0.0,1.0,1.0,1.0
wordnet:vehicle.n.01:2,0.0,0.85,1,10,1.0,1.0,0.0,1.0,1.0,1.0
wordnet:vehicle.n.01:2,0.0,0.9,1,10,1.0,1.0,0.0,1.0,1.0,1.0
wordnet:vehicle.n.01:2,0.0,0.95,1,0,,0.0,,,0.0,0.7786259541984732
wordnet:vehicle.n.01:2,0.0,1.0,1,0,,0.0,,,0.0,0.7786259541984732
wordnet:vehicle.n.01:2,0.0,1.01,1,0,,0.0,,,0.0,0.7786259541984732
wordnet:vehicle.n.01:2,0.0,0.0,2,9,1.0,0.9,0.0,1.0,1.0,1.0
wordnet:vehicle.n.01:2,0.0,0.5,2,9,1.0,0.9,0.0,1.0,1.0,1.0
wordnet:vehicle.n.01:2,0.0,0.55,2,9,1.0,0.9,0.0,1.0,1.0,1.0
wordnet:vehicle.n.01:2,0.0,0.6,2,9,1.0,0.9,0.0,1.0,1.0,1.0
wordnet:vehicle.n.01:2,0.0,0.75,2,9,1.0,0.9,0.0,1.0,1.0,1.0
wordnet:vehicle.n.01:2,0.0,0.85,2,9,1.0,0.9,0.0,1.0,1.0,1.0
wordnet:vehicle.n.01:2,0.0,0.9,2,9,1.0,0.9,0.0,1.0,1.0,1.0
wordnet:vehicle.n.01:2,0.0,0.95,2,0,,0.0,,,0.0,0.8702290076335878
wordnet:vehicle.n.01:2,0.0,1.0,2,0,,0.0,,,0.0,0.8702290076335878
wordnet:vehicle.n.01:2,0.0,1.01,2,0,,0.0,,,0.0,0.8702290076335878
wordnet:vehicle.n.01:2,0.0,0.0,3,10,1.0,1.0,0.0,1.0,1.0,1.0
wordnet:vehicle.n.01:2,0.0,0.5,3,10,1.0,1.0,0.0,1.0,1.0,1.0
wordnet:vehicle.n.01:2,0.0,0.55,3,10,1.0,1.0,0.0,1.0,1.0,1.0
wordnet:vehicle.n.01:2,0.0,0.6,3,10,1.0,1.0,0.0,1.0,1.0,1.0
wordnet:vehicle.n.01:2,0.0,0.75,3,10,1.0,1.0,0.0,1.0,1.0,1.0
wordnet:vehicle.n.01:2,0.0,0.85,3,10,1.0,1.0,0.0,1.0,1.0,1.0
wordnet:vehicle.n.01:2,0.0,0.9,3,10,1.0,1.0,0.0,1.0,1.0,1.0
wordnet:vehicle.n.01:2,0.0,0.95,3,0,,0.0,,,0.0,0.8549618320610687
wordnet:vehicle.n.01:2,0.0,1.0,3,0,,0.0,,,0.0,0.8549618320610687
wordnet:vehicle.n.01:2,0.0,1.01,3,0,,0.0,,,0.0,0.8549618320610687
wordnet:vehicle.n.01:2,0.0,0.0,4,8,1.0,0.8,0.0,1.0,1.0,1.0
wordnet:vehicle.n.01:2,0.0,0.5,4,8,1.0,0.8,0.0,1.0,1.0,1.0
wordnet:vehicle.n.01:2,0.0,0.55,4,8,1.0,0.8,0.0,1.0,1.0,1.0
wordnet:vehicle.n.01:2,0.0,0.6,4,8,1.0,0.8,0.0,1.0,1.0,1.0
wordnet:vehicle.n.01:2,0.0,0.75,4,8,1.0,0.8,0.0,1.0,1.0,1.0
wordnet:vehicle.n.01:2,0.0,0.85,4,8,1.0,0.8,0.0,1.0,1.0,1.0
wordnet:vehicle.n.01:2,0.0,0.9,4,8,1.0,0.8,0.0,1.0,1.0,1.0
wordnet:vehicle.n.01:2,0.0,0.95,4,0,,0.0,,,0.0,0.8702290076335878
wordnet:vehicle.n.01:2,0.0,1.0,4,0,,0.0,,,0.0,0.8702290076335878
wordnet:vehicle.n.01:2,0.0,1.01,4,0,,0.0,,,0.0,0.8702290076335878
wordnet:vehicle.n.01:2,0.0,0.0,5,9,1.0,0.9,0.0,1.0,1.0,1.0
wordnet:vehicle.n.01:2,0.0,0.5,5,9,1.0,0.9,0.0,1.0,1.0,1.0
wordnet:vehicle.n.01:2,0.0,0.55,5,9,1.0,0.9,0.0,1.0,1.0,1.0
wordnet:vehicle.n.01:2,0.0,0.6,5,9,1.0,0.9,0.0,1.0,1.0,1.0
wordnet:vehicle.n.01:2,0.0,0.75,5,9,1.0,0.9,0.0,1.0,1.0,1.0
wordnet:vehicle.n.01:2,0.0,0.85,5,9,1.0,0.9,0.0,1.0,1.0,1.0
wordnet:vehicle.n.01:2,0.0,0.9,5,9,1.0,0.9,0.0,1.0,1.0,1.0
wordnet:vehicle.n.01:2,0.0,0.95,5,0,,0.0,,,0.0,0.8625954198473282
wordnet:vehicle.n.01:2,0.0,1.0,5,0,,0.0,,,0.0,0.8625954198473282
wordnet:vehicle.n.01:2,0.0,1.01,5,0,,0.0,,,0.0,0.8625954198473282
wordnet:vehicle.n.01:2,0.0,0.0,6,10,1.0,1.0,0.0,1.0,1.0,1.0
wordnet:vehicle.n.01:2,0.0,0.5,6,10,1.0,1.0,0.0,1.0,1.0,1.0
wordnet:vehicle.n.01:2,0.0,0.55,6,10,1.0,1.0,0.0,1.0,1.0,1.0
wordnet:vehicle.n.01:2,0.0,0.6,6,10,1.0,1.0,0.0,1.0,1.0,1.0
wordnet:vehicle.n.01:2,0.0,0.75,6,10,1.0,1.0,0.0,1.0,1.0,1.0
wordnet:vehicle.n.01:2,0.0,0.85,6,10,1.0,1.0,0.0,1.0,1.0,1.0
wordnet:vehicle.n.01:2,0.0,0.9,6,10,1.0,1.0,0.0,1.0,1.0,1.0
wordnet:vehicle.n.01:2,0.0,0.95,6,0,,0.0,,,0.0,0.7099236641221374
wordnet:vehicle.n.01:2,0.0,1.0,6,0,,0.0,,,0.0,0.7099236641221374
wordnet:vehicle.n.01:2,0.0,1.01,6,0,,0.0,,,0.0,0.7099236641221374
wordnet:vehicle.n.01:2,0.0,0.0,7,10,1.0,1.0,0.0,1.0,1.0,1.0
wordnet:vehicle.n.01:2,0.0,0.5,7,10,1.0,1.0,0.0,1.0,1.0,1.0
wordnet:vehicle.n.01:2,0.0,0.55,7,10,1.0,1.0,0.0,1.0,1.0,1.0
wordnet:vehicle.n.01:2,0.0,0.6,7,10,1.0,1.0,0.0,1.0,1.0,1.0
wordnet:vehicle.n.01:2,0.0,0.75,7,10,1.0,1.0,0.0,1.0,1.0,1.0
wordnet:vehicle.n.01:2,0.0,0.85,7,10,1.0,1.0,0.0,1.0,1.0,1.0
wordnet:vehicle.n.01:2,0.0,0.9,7,10,1.0,1.0,0.0,1.0,1.0,1.0
wordnet:vehicle.n.01:2,0.0,0.95,7,0,,0.0,,,0.0,0.6641221374045801
wordnet:vehicle.n.01:2,0.0,1.0,7,0,,0.0,,,0.0,0.6641221374045801
wordnet:vehicle.n.01:2,0.0,1.01,7,0,,0.0,,,0.0,0.6641221374045801
wordnet:vehicle.n.01:2,0.0,0.0,8,9,1.0,0.9,0.0,1.0,1.0,1.0
wordnet:vehicle.n.01:2,0.0,0.5,8,9,1.0,0.9,0.0,1.0,1.0,1.0
wordnet:vehicle.n.01:2,0.0,0.55,8,9,1.0,0.9,0.0,1.0,1.0,1.0
wordnet:vehicle.n.01:2,0.0,0.6,8,9,1.0,0.9,0.0,1.0,1.0,1.0
wordnet:vehicle.n.01:2,0.0,0.75,8,9,1.0,0.9,0.0,1.0,1.0,1.0
wordnet:vehicle.n.01:2,0.0,0.85,8,9,1.0,0.9,0.0,1.0,1.0,1.0
wordnet:vehicle.n.01:2,0.0,0.9,8,9,1.0,0.9,0.0,1.0,1.0,1.0
wordnet:vehicle.n.01:2,0.0,0.95,8,0,,0.0,,,0.0,0.8702290076335878
wordnet:vehicle.n.01:2,0.0,1.0,8,0,,0.0,,,0.0,0.8702290076335878
wordnet:vehicle.n.01:2,0.0,1.01,8,0,,0.0,,,0.0,0.8702290076335878
wordnet:vehicle.n.01:2,0.0,0.0,9,10,1.0,1.0,0.0,1.0,1.0,1.0
wordnet:vehicle.n.01:2,0.0,0.5,9,10,1.0,1.0,0.0,1.0,1.0,1.0
wordnet:vehicle.n.01:2,0.0,0.55,9,10,1.0,1.0,0.0,1.0,1.0,1.0
wordnet:vehicle.n.01:2,0.0,0.6,9,10,1.0,1.0,0.0,1.0,1.0,1.0
wordnet:vehicle.n.01:2,0.0,0.75,9,10,1.0,1.0,0.0,1.0,1.0,1.0
wordnet:vehicle.n.01:2,0.0,0.85,9,10,1.0,1.0,0.0,1.0,1.0,1.0
wordnet:vehicle.n.01:2,0.0,0.9,9,10,1.0,1.0,0.0,1.0,1.0,1.0
wordnet:vehicle.n.01:2,0.0,0.95,9,0,,0.0,,,0.0,0.8320610687022901
wordnet:vehicle.n.01:2,0.0,1.0,9,0,,0.0,,,0.0,0.8320610687022901
wordnet:vehicle.n.01:2,0.0,1.01,9,0,,0.0,,,0.0,0.8320610687022901
wordnet:vehicle.n.01:2,0.0,0.0,10,10,1.0,1.0,0.0,1.0,1.0,1.0
wordnet:vehicle.n.01:2,0.0,0.5,10,10,1.0,1.0,0.0,1.0,1.0,1.0
wordnet:vehicle.n.01:2,0.0,0.55,10,10,1.0,1.0,0.0,1.0,1.0,1.0
wordnet:vehicle.n.01:2,0.0,0.6,10,10,1.0,1.0,0.0,1.0,1.0,1.0
wordnet:vehicle.n.01:2,0.0,0.75,10,10,1.0,1.0,0.0,1.0,1.0,1.0
wordnet:vehicle.n.01:2,0.0,0.85,10,10,1.0,1.0,0.0,1.0,1.0,1.0
wordnet:vehicle.n.01:2,0.0,0.9,10,10,1.0,1.0,0.0,1.0,1.0,1.0
wordnet:vehicle.n.01:2,0.0,0.95,10,0,,0.0,,,0.0,0.7633587786259542
wordnet:vehicle.n.01:2,0.0,1.0,10,0,,0.0,,,0.0,0.7633587786259542
wordnet:vehicle.n.01:2,0.0,1.01,10,0,,0.0,,,0.0,0.7633587786259542
wordnet:vehicle.n.01:2,0.0,0.0,11,10,1.0,1.0,0.0,1.0,1.0,1.0
wordnet:vehicle.n.01:2,0.0,0.5,11,10,1.0,1.0,0.0,1.0,1.0,1.0
wordnet:vehicle.n.01:2,0.0,0.55,11,10,1.0,1.0,0.0,1.0,1.0,1.0
wordnet:vehicle.n.01:2,0.0,0.6,11,10,1.0,1.0,0.0,1.0,1.0,1.0
wordnet:vehicle.n.01:2,0.0,0.75,11,10,1.0,1.0,0.0,1.0,1.0,1.0
wordnet:vehicle.n.01:2,0.0,0.85,11,10,1.0,1.0,0.0,1.0,1.0,1.0
wordnet:vehicle.n.01:2,0.0,0.9,11,10,1.0,1.0,0.0,1.0,1.0,1.0
wordnet:vehicle.n.01:2,0.0,0.95,11,0,,0.0,,,0.0,0.7938931297709924
wordnet:vehicle.n.01:2,0.0,1.0,11,0,,0.0,,,0.0,0.7938931297709924
wordnet:vehicle.n.01:2,0.0,1.01,11,0,,0.0,,,0.0,0.7938931297709924
wordnet:vehicle.n.01:2,0.0,0.0,12,10,1.0,1.0,0.0,1.0,1.0,1.0
wordnet:vehicle.n.01:2,0.0,0.5,12,10,1.0,1.0,0.0,1.0,1.0,1.0
wordnet:vehicle.n.01:2,0.0,0.55,12,10,1.0,1.0,0.0,1.0,1.0,1.0
wordnet:vehicle.n.01:2,0.0,0.6,12,10,1.0,1.0,0.0,1.0,1.0,1.0
wordnet:vehicle.n.01:2,0.0,0.75,12,10,1.0,1.0,0.0,1.0,1.0,1.0
wordnet:vehicle.n.01:2,0.0,0.85,12,10,1.0,1.0,0.0,1.0,1.0,1.0
wordnet:vehicle.n.01:2,0.0,0.9,12,10,1.0,1.0,0.0,1.0,1.0,1.0
wordnet:vehicle.n.01:2,0.0,0.95,12,0,,0.0,,,0.0,0.8320610687022901
wordnet:vehicle.n.01:2,0.0,1.0,12,0,,0.0,,,0.0,0.8320610687022901
wordnet:vehicle.n.01:2,0.0,1.01,12,0,,0.0,,,0.0,0.8320610687022901
wordnet:vehicle.n.01:2,0.0,0.0,13,10,1.0,1.0,0.0,1.0,1.0,1.0
wordnet:vehicle.n.01:2,0.0,0.5,13,10,1.0,1.0,0.0,1.0,1.0,1.0
wordnet:vehicle.n.01:2,0.0,0.55,13,10,1.0,1.0,0.0,1.0,1.0,1.0
wordnet:vehicle.n.01:2,0.0,0.6,13,10,1.0,1.0,0.0,1.0,1.0,1.0
wordnet:vehicle.n.01:2,0.0,0.75,13,10,1.0,1.0,0.0,1.0,1.0,1.0
wordnet:vehicle.n.01:2,0.0,0.85,13,10,1.0,1.0,0.0,1.0,1.0,1.0
wordnet:vehicle.n.01:2,0.0,0.9,13,10,1.0,1.0,0.0,1.0,1.0,1.0
wordnet:vehicle.n.01:2,0.0,0.95,13,0,,0.0,,,0.0,0.7862595419847328
wordnet:vehicle.n.01:2,0.0,1.0,13,0,,0.0,,,0.0,0.7862595419847328
wordnet:vehicle.n.01:2,0.0,1.01,13,0,,0.0,,,0.0,0.7862595419847328
wordnet:vehicle.n.01:2,0.0,0.0,14,9,1.0,0.9,0.0,1.0,1.0,1.0
wordnet:vehicle.n.01:2,0.0,0.5,14,9,1.0,0.9,0.0,1.0,1.0,1.0
wordnet:vehicle.n.01:2,0.0,0.55,14,9,1.0,0.9,0.0,1.0,1.0,1.0
wordnet:vehicle.n.01:2,0.0,0.6,14,9,1.0,0.9,0.0,1.0,1.0,1.0
wordnet:vehicle.n.01:2,0.0,0.75,14,9,1.0,0.9,0.0,1.0,1.0,1.0
wordnet:vehicle.n.01:2,0.0,0.85,14,9,1.0,0.9,0.0,1.0,1.0,1.0
wordnet:vehicle.n.01:2,0.0,0.9,14,9,1.0,0.9,0.0,1.0,1.0,1.0
wordnet:vehicle.n.01:2,0.0,0.95,14,0,,0.0,,,0.0,0.8625954198473282
wordnet:vehicle.n.01:2,0.0,1.0,14,0,,0.0,,,0.0,0.8625954198473282
wordnet:vehicle.n.01:2,0.0,1.01,14,0,,0.0,,,0.0,0.8625954198473282
wordnet:vehicle.n.01:2,0.1,0.0,0,12,0.5833333333333334,0.7,0.4166666666666667,0.5555555555555556,0.8823529411764706,0.9847328244274809
wordnet:vehicle.n.01:2,0.1,0.5,0,12,0.5833333333333334,0.7,0.4166666666666667,0.5555555555555556,0.8823529411764706,0.9847328244274809
wordnet:vehicle.n.01:2,0.1,0.55,0,12,0.5833333333333334,0.7,0.4166666666666667,0.5555555555555556,0.8823529411764706,0.9847328244274809
wordnet:vehicle.n.01:2,0.1,0.6,0,12,0.5833333333333334,0.7,0.4166666666666667,0.5555555555555556,0.8823529411764706,0.9847328244274809
wordnet:vehicle.n.01:2,0.1,0.75,0,12,0.5833333333333334,0.7,0.4166666666666667,0.5555555555555556,0.8823529411764706,0.9847328244274809
wordnet:vehicle.n.01:2,0.1,0.85,0,12,0.5833333333333334,0.7,0.4166666666666667,0.5555555555555556,0.8823529411764706,0.9847328244274809
wordnet:vehicle.n.01:2,0.1,0.9,0,12,0.5833333333333334,0.7,0.4166666666666667,0.5555555555555556,0.8823529411764706,0.9847328244274809
wordnet:vehicle.n.01:2,0.1,0.95,0,0,,0.0,,,0.0,0.8702290076335878
wordnet:vehicle.n.01:2,0.1,1.0,0,0,,0.0,,,0.0,0.8702290076335878
wordnet:vehicle.n.01:2,0.1,1.01,0,0,,0.0,,,0.0,0.8702290076335878
wordnet:vehicle.n.01:2,0.1,0.0,1,13,0.6153846153846154,0.8,0.38461538461538464,0.68,0.9444444444444444,0.9923664122137404
wordnet:vehicle.n.01:2,0.1,0.5,1,13,0.6153846153846154,0.8,0.38461538461538464,0.68,0.9444444444444444,0.9923664122137404
wordnet:vehicle.n.01:2,0.1,0.55,1,13,0.6153846153846154,0.8,0.38461538461538464,0.68,0.9444444444444444,0.9923664122137404
wordnet:vehicle.n.01:2,0.1,0.6,1,13,0.6153846153846154,0.8,0.38461538461538464,0.68,0.9444444444444444,0.9923664122137404
wordnet:vehicle.n.01:2,0.1,0.75,1,13,0.6153846153846154,0.8,0.38461538461538464,0.68,0.9444444444444444,0.9923664122137404
wordnet:vehicle.n.01:2,0.1,0.85,1,13,0.6153846153846154,0.8,0.38461538461538464,0.68,0.9444444444444444,0.9923664122137404
wordnet:vehicle.n.01:2,0.1,0.9,1,13,0.6153846153846154,0.8,0.38461538461538464,0.68,0.9444444444444444,0.9923664122137404
wordnet:vehicle.n.01:2,0.1,0.95,1,0,,0.0,,,0.0,0.8625954198473282
wordnet:vehicle.n.01:2,0.1,1.0,1,0,,0.0,,,0.0,0.8625954198473282
wordnet:vehicle.n.01:2,0.1,1.01,1,0,,0.0,,,0.0,0.8625954198473282
wordnet:vehicle.n.01:2,0.1,0.0,2,15,0.6666666666666666,1.0,0.3333333333333333,0.7096774193548387,1.0,1.0
wordnet:vehicle.n.01:2,0.1,0.5,2,15,0.6666666666666666,1.0,0.3333333333333333,0.7096774193548387,1.0,1.0
wordnet:vehicle.n.01:2,0.1,0.55,2,15,0.6666666666666666,1.0,0.3333333333333333,0.7096774193548387,1.0,1.0
wordnet:vehicle.n.01:2,0.1,0.6,2,15,0.6666666666666666,1.0,0.3333333333333333,0.7096774193548387,1.0,1.0
wordnet:vehicle.n.01:2,0.1,0.75,2,15,0.6666666666666666,1.0,0.3333333333333333,0.7096774193548387,1.0,1.0
wordnet:vehicle.n.01:2,0.1,0.85,2,15,0.6666666666666666,1.0,0.3333333333333333,0.7096774193548387,1.0,1.0
wordnet:vehicle.n.01:2,0.1,0.9,2,15,0.6666666666666666,1.0,0.3333333333333333,0.7096774193548387,1.0,1.0
wordnet:vehicle.n.01:2,0.1,0.95,2,0,,0.0,,,0.0,0.8320610687022901
wordnet:vehicle.n.01:2,0.1,1.0,2,0,,0.0,,,0.0,0.8320610687022901
wordnet:vehicle.n.01:2,0.1,1.01,2,0,,0.0,,,0.0,0.8320610687022901
wordnet:vehicle.n.01:2,0.1,0.0,3,15,0.6666666666666666,1.0,0.3333333333333333,0.8048780487804879,1.0,1.0
wordnet:vehicle.n.01:2,0.1,0.5,3,15,0.6666666666666666,1.0,0.3333333333333333,0.8048780487804879,1.0,1.0
wordnet:vehicle.n.01:2,0.1,0.55,3,15,0.6666666666666666,1.0,0.3333333333333333,0.8048780487804879,1.0,1.0
wordnet:vehicle.n.01:2,0.1,0.6,3,15,0.6666666666666666,1.0,0.3333333333333333,0.8048780487804879,1.0,1.0
wordnet:vehicle.n.01:2,0.1,0.75,3,15,0.6666666666666666,1.0,0.3333333333333333,0.8048780487804879,1.0,1.0
wordnet:vehicle.n.01:2,0.1,0.85,3,15,0.6666666666666666,1.0,0.3333333333333333,0.8048780487804879,1.0,1.0
wordnet:vehicle.n.01:2,0.1,0.9,3,15,0.6666666666666666,1.0,0.3333333333333333,0.8048780487804879,1.0,1.0
wordnet:vehicle.n.01:2,0.1,0.95,3,0,,0.0,,,0.0,0.7480916030534351
wordnet:vehicle.n.01:2,0.1,1.0,3,0,,0.0,,,0.0,0.7480916030534351
wordnet:vehicle.n.01:2,0.1,1.01,3,0,,0.0,,,0.0,0.7480916030534351
wordnet:vehicle.n.01:2,0.1,0.0,4,15,0.6666666666666666,1.0,0.3333333333333333,0.7647058823529411,1.0,1.0
wordnet:vehicle.n.01:2,0.1,0.5,4,15,0.6666666666666666,1.0,0.3333333333333333,0.7647058823529411,1.0,1.0
wordnet:vehicle.n.01:2,0.1,0.55,4,15,0.6666666666666666,1.0,0.3333333333333333,0.7647058823529411,1.0,1.0
wordnet:vehicle.n.01:2,0.1,0.6,4,15,0.6666666666666666,1.0,0.3333333333333333,0.7647058823529411,1.0,1.0
wordnet:vehicle.n.01:2,0.1,0.75,4,15,0.6666666666666666,1.0,0.3333333333333333,0.7647058823529411,1.0,1.0
wordnet:vehicle.n.01:2,0.1,0.85,4,15,0.6666666666666666,1.0,0.3333333333333333,0.7647058823529411,1.0,1.0
wordnet:vehicle.n.01:2,0.1,0.9,4,15,0.6666666666666666,1.0,0.3333333333333333,0.7647058823529411,1.0,1.0
wordnet:vehicle.n.01:2,0.1,0.95,4,0,,0.0,,,0.0,0.8015267175572519
wordnet:vehicle.n.01:2,0.1,1.0,4,0,,0.0,,,0.0,0.8015267175572519
wordnet:vehicle.n.01:2,0.1,1.01,4,0,,0.0,,,0.0,0.8015267175572519
wordnet:vehicle.n.01:2,0.1,0.0,5,14,0.6428571428571429,0.9,0.35714285714285715,0.4864864864864865,1.0,1.0
wordnet:vehicle.n.01:2,0.1,0.5,5,14,0.6428571428571429,0.9,0.35714285714285715,0.4864864864864865,1.0,1.0
wordnet:vehicle.n.01:2,0.1,0.55,5,14,0.6428571428571429,0.9,0.35714285714285715,0.4864864864864865,1.0,1.0
wordnet:vehicle.n.01:2,0.1,0.6,5,14,0.6428571428571429,0.9,0.35714285714285715,0.4864864864864865,1.0,1.0
wordnet:vehicle.n.01:2,0.1,0.75,5,14,0.6428571428571429,0.9,0.35714285714285715,0.4864864864864865,1.0,1.0
wordnet:vehicle.n.01:2,0.1,0.85,5,14,0.6428571428571429,0.9,0.35714285714285715,0.4864864864864865,1.0,1.0
wordnet:vehicle.n.01:2,0.1,0.9,5,14,0.6428571428571429,0.9,0.35714285714285715,0.4864864864864865,1.0,1.0
wordnet:vehicle.n.01:2,0.1,0.95,5,0,,0.0,,,0.0,0.8625954198473282
wordnet:vehicle.n.01:2,0.1,1.0,5,0,,0.0,,,0.0,0.8625954198473282
wordnet:vehicle.n.01:2,0.1,1.01,5,0,,0.0,,,0.0,0.8625954198473282
wordnet:vehicle.n.01:2,0.1,0.0,6,14,0.6428571428571429,0.9,0.35714285714285715,0.7948717948717948,1.0,1.0
wordnet:vehicle.n.01:2,0.1,0.5,6,14,0.6428571428571429,0.9,0.35714285714285715,0.7948717948717948,1.0,1.0
wordnet:vehicle.n.01:2,0.1,0.55,6,14,0.6428571428571429,0.9,0.35714285714285715,0.7948717948717948,1.0,1.0
wordnet:vehicle.n.01:2,0.1,0.6,6,14,0.6428571428571429,0.9,0.35714285714285715,0.7948717948717948,1.0,1.0
wordnet:vehicle.n.01:2,0.1,0.75,6,14,0.6428571428571429,0.9,0.35714285714285715,0.7948717948717948,1.0,1.0
wordnet:vehicle.n.01:2,0.1,0.85,6,14,0.6428571428571429,0.9,0.35714285714285715,0.7948717948717948,1.0,1.0
wordnet:vehicle.n.01:2,0.1,0.9,6,14,0.6428571428571429,0.9,0.35714285714285715,0.7948717948717948,1.0,1.0
wordnet:vehicle.n.01:2,0.1,0.95,6,0,,0.0,,,0.0,0.7633587786259542
wordnet:vehicle.n.01:2,0.1,1.0,6,0,,0.0,,,0.0,0.7633587786259542
wordnet:vehicle.n.01:2,0.1,1.01,6,0,,0.0,,,0.0,0.7633587786259542
wordnet:vehicle.n.01:2,0.1,0.0,7,13,0.6153846153846154,0.8,0.38461538461538464,0.68,0.9444444444444444,0.9923664122137404
wordnet:vehicle.n.01:2,0.1,0.5,7,13,0.6153846153846154,0.8,0.38461538461538464,0.68,0.9444444444444444,0.9923664122137404
wordnet:vehicle.n.01:2,0.1,0.55,7,13,0.6153846153846154,0.8,0.38461538461538464,0.68,0.9444444444444444,0.9923664122137404
wordnet:vehicle.n.01:2,0.1,0.6,7,13,0.6153846153846154,0.8,0.38461538461538464,0.68,0.9444444444444444,0.9923664122137404
wordnet:vehicle.n.01:2,0.1,0.75,7,13,0.6153846153846154,0.8,0.38461538461538464,0.68,0.9444444444444444,0.9923664122137404
wordnet:vehicle.n.01:2,0.1,0.85,7,13,0.6153846153846154,0.8,0.38461538461538464,0.68,0.9444444444444444,0.9923664122137404
wordnet:vehicle.n.01:2,0.1,0.9,7,13,0.6153846153846154,0.8,0.38461538461538464,0.68,0.9444444444444444,0.9923664122137404
wordnet:vehicle.n.01:2,0.1,0.95,7,0,,0.0,,,0.0,0.8625954198473282
wordnet:vehicle.n.01:2,0.1,1.0,7,0,,0.0,,,0.0,0.8625954198473282
wordnet:vehicle.n.01:2,0.1,1.01,7,0,,0.0,,,0.0,0.8625954198473282
wordnet:vehicle.n.01:2,0.1,0.0,8,14,0.6428571428571429,0.9,0.35714285714285715,0.5,1.0,1.0
wordnet:vehicle.n.01:2,0.1,0.5,8,14,0.6428571428571429,0.9,0.35714285714285715,0.5,1.0,1.0
wordnet:vehicle.n.01:2,0.1,0.55,8,14,0.6428571428571429,0.9,0.35714285714285715,0.5,1.0,1.0
wordnet:vehicle.n.01:2,0.1,0.6,8,14,0.6428571428571429,0.9,0.35714285714285715,0.5,1.0,1.0
wordnet:vehicle.n.01:2,0.1,0.75,8,14,0.6428571428571429,0.9,0.35714285714285715,0.5,1.0,1.0
wordnet:vehicle.n.01:2,0.1,0.85,8,14,0.6428571428571429,0.9,0.35714285714285715,0.5,1.0,1.0
wordnet:vehicle.n.01:2,0.1,0.9,8,14,0.6428571428571429,0.9,0.35714285714285715,0.5,1.0,1.0
wordnet:vehicle.n.01:2,0.1,0.95,8,0,,0.0,,,0.0,0.8702290076335878
wordnet:vehicle.n.01:2,0.1,1.0,8,0,,0.0,,,0.0,0.8702290076335878
wordnet:vehicle.n.01:2,0.1,1.01,8,0,,0.0,,,0.0,0.8702290076335878
wordnet:vehicle.n.01:2,0.1,0.0,9,14,0.6428571428571429,0.9,0.35714285714285715,0.5,1.0,1.0
wordnet:vehicle.n.01:2,0.1,0.5,9,14,0.6428571428571429,0.9,0.35714285714285715,0.5,1.0,1.0
wordnet:vehicle.n.01:2,0.1,0.55,9,14,0.6428571428571429,0.9,0.35714285714285715,0.5,1.0,1.0
wordnet:vehicle.n.01:2,0.1,0.6,9,14,0.6428571428571429,0.9,0.35714285714285715,0.5,1.0,1.0
wordnet:vehicle.n.01:2,0.1,0.75,9,14,0.6428571428571429,0.9,0.35714285714285715,0.5,1.0,1.0
wordnet:vehicle.n.01:2,0.1,0.85,9,14,0.6428571428571429,0.9,0.35714285714285715,0.5,1.0,1.0
wordnet:vehicle.n.01:2,0.1,0.9,9,14,0.6428571428571429,0.9,0.35714285714285715,0.5,1.0,1.0
wordnet:vehicle.n.01:2,0.1,0.95,9,0,,0.0,,,0.0,0.8702290076335878
wordnet:vehicle.n.01:2,0.1,1.0,9,0,,0.0,,,0.0,0.8702290076335878
wordnet:vehicle.n.01:2,0.1,1.01,9,0,,0.0,,,0.0,0.8702290076335878
wordnet:vehicle.n.01:2,0.1,0.0,10,12,0.6666666666666666,0.8,0.3333333333333333,0.5161290322580645,0.9411764705882353,0.9923664122137404
wordnet:vehicle.n.01:2,0.1,0.5,10,12,0.6666666666666666,0.8,0.3333333333333333,0.5161290322580645,0.9411764705882353,0.9923664122137404
wordnet:vehicle.n.01:2,0.1,0.55,10,12,0.6666666666666666,0.8,0.3333333333333333,0.5161290322580645,0.9411764705882353,0.9923664122137404
wordnet:vehicle.n.01:2,0.1,0.6,10,12,0.6666666666666666,0.8,0.3333333333333333,0.5161290322580645,0.9411764705882353,0.9923664122137404
wordnet:vehicle.n.01:2,0.1,0.75,10,12,0.6666666666666666,0.8,0.3333333333333333,0.5161290322580645,0.9411764705882353,0.9923664122137404
wordnet:vehicle.n.01:2,0.1,0.85,10,12,0.6666666666666666,0.8,0.3333333333333333,0.5161290322580645,0.9411764705882353,0.9923664122137404
wordnet:vehicle.n.01:2,0.1,0.9,10,12,0.6666666666666666,0.8,0.3333333333333333,0.5161290322580645,0.9411764705882353,0.9923664122137404
wordnet:vehicle.n.01:2,0.1,0.95,10,0,,0.0,,,0.0,0.8702290076335878
wordnet:vehicle.n.01:2,0.1,1.0,10,0,,0.0,,,0.0,0.8702290076335878
wordnet:vehicle.n.01:2,0.1,1.01,10,0,,0.0,,,0.0,0.8702290076335878
wordnet:vehicle.n.01:2,0.1,0.0,11,14,0.6428571428571429,0.9,0.35714285714285715,0.5862068965517241,1.0,1.0
wordnet:vehicle.n.01:2,0.1,0.5,11,14,0.6428571428571429,0.9,0.35714285714285715,0.5862068965517241,1.0,1.0
wordnet:vehicle.n.01:2,0.1,0.55,11,14,0.6428571428571429,0.9,0.35714285714285715,0.5862068965517241,1.0,1.0
wordnet:vehicle.n.01:2,0.1,0.6,11,14,0.6428571428571429,0.9,0.35714285714285715,0.5862068965517241,1.0,1.0
wordnet:vehicle.n.01:2,0.1,0.75,11,14,0.6428571428571429,0.9,0.35714285714285715,0.5862068965517241,1.0,1.0
wordnet:vehicle.n.01:2,0.1,0.85,11,14,0.6428571428571429,0.9,0.35714285714285715,0.5862068965517241,1.0,1.0
wordnet:vehicle.n.01:2,0.1,0.9,11,14,0.6428571428571429,0.9,0.35714285714285715,0.5862068965517241,1.0,1.0
wordnet:vehicle.n.01:2,0.1,0.95,11,0,,0.0,,,0.0,0.8702290076335878
wordnet:vehicle.n.01:2,0.1,1.0,11,0,,0.0,,,0.0,0.8702290076335878
wordnet:vehicle.n.01:2,0.1,1.01,11,0,,0.0,,,0.0,0.8702290076335878
wordnet:vehicle.n.01:2,0.1,0.0,12,13,0.6153846153846154,0.8,0.38461538461538464,0.6521739130434783,1.0,1.0
wordnet:vehicle.n.01:2,0.1,0.5,12,13,0.6153846153846154,0.8,0.38461538461538464,0.6521739130434783,1.0,1.0
wordnet:vehicle.n.01:2,0.1,0.55,12,13,0.6153846153846154,0.8,0.38461538461538464,0.6521739130434783,1.0,1.0
wordnet:vehicle.n.01:2,0.1,0.6,12,13,0.6153846153846154,0.8,0.38461538461538464,0.6521739130434783,1.0,1.0
wordnet:vehicle.n.01:2,0.1,0.75,12,13,0.6153846153846154,0.8,0.38461538461538464,0.6521739130434783,1.0,1.0
wordnet:vehicle.n.01:2,0.1,0.85,12,13,0.6153846153846154,0.8,0.38461538461538464,0.6521739130434783,1.0,1.0
wordnet:vehicle.n.01:2,0.1,0.9,12,13,0.6153846153846154,0.8,0.38461538461538464,0.6521739130434783,1.0,1.0
wordnet:vehicle.n.01:2,0.1,0.95,12,0,,0.0,,,0.0,0.8854961832061069
wordnet:vehicle.n.01:2,0.1,1.0,12,0,,0.0,,,0.0,0.8854961832061069
wordnet:vehicle.n.01:2,0.1,1.01,12,0,,0.0,,,0.0,0.8854961832061069
wordnet:vehicle.n.01:2,0.1,0.0,13,14,0.6428571428571429,0.9,0.35714285714285715,0.5555555555555556,1.0,1.0
wordnet:vehicle.n.01:2,0.1,0.5,13,14,0.6428571428571429,0.9,0.35714285714285715,0.5555555555555556,1.0,1.0
wordnet:vehicle.n.01:2,0.1,0.55,13,14,0.6428571428571429,0.9,0.35714285714285715,0.5555555555555556,1.0,1.0
wordnet:vehicle.n.01:2,0.1,0.6,13,14,0.6428571428571429,0.9,0.35714285714285715,0.5555555555555556,1.0,1.0
wordnet:vehicle.n.01:2,0.1,0.75,13,14,0.6428571428571429,0.9,0.35714285714285715,0.5555555555555556,1.0,1.0
wordnet:vehicle.n.01:2,0.1,0.85,13,14,0.6428571428571429,0.9,0.35714285714285715,0.5555555555555556,1.0,1.0
wordnet:vehicle.n.01:2,0.1,0.9,13,14,0.6428571428571429,0.9,0.35714285714285715,0.5555555555555556,1.0,1.0
wordnet:vehicle.n.01:2,0.1,0.95,13,0,,0.0,,,0.0,0.8473282442748091
wordnet:vehicle.n.01:2,0.1,1.0,13,0,,0.0,,,0.0,0.8473282442748091
wordnet:vehicle.n.01:2,0.1,1.01,13,0,,0.0,,,0.0,0.8473282442748091
wordnet:vehicle.n.01:2,0.1,0.0,14,15,0.6666666666666666,1.0,0.3333333333333333,0.7428571428571429,1.0,1.0
wordnet:vehicle.n.01:2,0.1,0.5,14,15,0.6666666666666666,1.0,0.3333333333333333,0.7428571428571429,1.0,1.0
wordnet:vehicle.n.01:2,0.1,0.55,14,15,0.6666666666666666,1.0,0.3333333333333333,0.7428571428571429,1.0,1.0
wordnet:vehicle.n.01:2,0.1,0.6,14,15,0.6666666666666666,1.0,0.3333333333333333,0.7428571428571429,1.0,1.0
wordnet:vehicle.n.01:2,0.1,0.75,14,15,0.6666666666666666,1.0,0.3333333333333333,0.7428571428571429,1.0,1.0
wordnet:vehicle.n.01:2,0.1,0.85,14,15,0.6666666666666666,1.0,0.3333333333333333,0.7428571428571429,1.0,1.0
wordnet:vehicle.n.01:2,0.1,0.9,14,15,0.6666666666666666,1.0,0.3333333333333333,0.7428571428571429,1.0,1.0
wordnet:vehicle.n.01:2,0.1,0.95,14,0,,0.0,,,0.0,0.8015267175572519
wordnet:vehicle.n.01:2,0.1,1.0,14,0,,0.0,,,0.0,0.8015267175572519
wordnet:vehicle.n.01:2,0.1,1.01,14,0,,0.0,,,0.0,0.8015267175572519
wordnet:vehicle.n.01:2,0.2,0.0,0,17,0.4117647058823529,0.7,0.5882352941176471,0.38,0.95,0.9923664122137404
wordnet:vehicle.n.01:2,0.2,0.5,0,17,0.4117647058823529,0.7,0.5882352941176471,0.38,0.95,0.9923664122137404
wordnet:vehicle.n.01:2,0.2,0.55,0,17,0.4117647058823529,0.7,0.5882352941176471,0.38,0.95,0.9923664122137404
wordnet:vehicle.n.01:2,0.2,0.6,0,17,0.4117647058823529,0.7,0.5882352941176471,0.38,0.95,0.9923664122137404
wordnet:vehicle.n.01:2,0.2,0.75,0,17,0.4117647058823529,0.7,0.5882352941176471,0.38,0.95,0.9923664122137404
wordnet:vehicle.n.01:2,0.2,0.85,0,17,0.4117647058823529,0.7,0.5882352941176471,0.38,0.95,0.9923664122137404
wordnet:vehicle.n.01:2,0.2,0.9,0,17,0.4117647058823529,0.7,0.5882352941176471,0.38,0.95,0.9923664122137404
wordnet:vehicle.n.01:2,0.2,0.95,0,0,,0.0,,,0.0,0.8473282442748091
wordnet:vehicle.n.01:2,0.2,1.0,0,0,,0.0,,,0.0,0.8473282442748091
wordnet:vehicle.n.01:2,0.2,1.01,0,0,,0.0,,,0.0,0.8473282442748091
wordnet:vehicle.n.01:2,0.2,0.0,1,19,0.47368421052631576,0.9,0.5263157894736842,0.52,0.9629629629629629,0.9923664122137404
wordnet:vehicle.n.01:2,0.2,0.5,1,19,0.47368421052631576,0.9,0.5263157894736842,0.52,0.9629629629629629,0.9923664122137404
wordnet:vehicle.n.01:2,0.2,0.55,1,19,0.47368421052631576,0.9,0.5263157894736842,0.52,0.9629629629629629,0.9923664122137404
wordnet:vehicle.n.01:2,0.2,0.6,1,19,0.47368421052631576,0.9,0.5263157894736842,0.52,0.9629629629629629,0.9923664122137404
wordnet:vehicle.n.01:2,0.2,0.75,1,19,0.47368421052631576,0.9,0.5263157894736842,0.52,0.9629629629629629,0.9923664122137404
wordnet:vehicle.n.01:2,0.2,0.85,1,19,0.47368421052631576,0.9,0.5263157894736842,0.52,0.9629629629629629,0.9923664122137404
wordnet:vehicle.n.01:2,0.2,0.9,1,19,0.47368421052631576,0.9,0.5263157894736842,0.52,0.9629629629629629,0.9923664122137404
wordnet:vehicle.n.01:2,0.2,0.95,1,0,,0.0,,,0.0,0.7938931297709924
wordnet:vehicle.n.01:2,0.2,1.0,1,0,,0.0,,,0.0,0.7938931297709924
wordnet:vehicle.n.01:2,0.2,1.01,1,0,,0.0,,,0.0,0.7938931297709924
wordnet:vehicle.n.01:2,0.2,0.0,2,19,0.47368421052631576,0.9,0.5263157894736842,0.6444444444444445,0.9666666666666667,0.9923664122137404
wordnet:vehicle.n.01:2,0.2,0.5,2,19,0.47368421052631576,0.9,0.5263157894736842,0.6444444444444445,0.9666666666666667,0.9923664122137404
wordnet:vehicle.n.01:2,0.2,0.55,2,19,0.47368421052631576,0.9,0.5263157894736842,0.6444444444444445,0.9666666666666667,0.9923664122137404
wordnet:vehicle.n.01:2,0.2,0.6,2,19,0.47368421052631576,0.9,0.5263157894736842,0.6444444444444445,0.9666666666666667,0.9923664122137404
wordnet:vehicle.n.01:2,0.2,0.75,2,19,0.47368421052631576,0.9,0.5263157894736842,0.6444444444444445,0.9666666666666667,0.9923664122137404
wordnet:vehicle.n.01:2,0.2,0.85,2,19,0.47368421052631576,0.9,0.5263157894736842,0.6444444444444445,0.9666666666666667,0.9923664122137404
wordnet:vehicle.n.01:2,0.2,0.9,2,19,0.47368421052631576,0.9,0.5263157894736842,0.6444444444444445,0.9666666666666667,0.9923664122137404
wordnet:vehicle.n.01:2,0.2,0.95,2,0,,0.0,,,0.0,0.7709923664122137
wordnet:vehicle.n.01:2,0.2,1.0,2,0,,0.0,,,0.0,0.7709923664122137
wordnet:vehicle.n.01:2,0.2,1.01,2,0,,0.0,,,0.0,0.7709923664122137
wordnet:vehicle.n.01:2,0.2,0.0,3,18,0.4444444444444444,0.8,0.5555555555555556,0.3333333333333333,0.9166666666666666,0.9847328244274809
wordnet:vehicle.n.01:2,0.2,0.5,3,18,0.4444444444444444,0.8,0.5555555555555556,0.3333333333333333,0.9166666666666666,0.9847328244274809
wordnet:vehicle.n.01:2,0.2,0.55,3,18,0.4444444444444444,0.8,0.5555555555555556,0.3333333333333333,0.9166666666666666,0.9847328244274809
wordnet:vehicle.n.01:2,0.2,0.6,3,18,0.4444444444444444,0.8,0.5555555555555556,0.3333333333333333,0.9166666666666666,0.9847328244274809
wordnet:vehicle.n.01:2,0.2,0.75,3,18,0.4444444444444444,0.8,0.5555555555555556,0.3333333333333333,0.9166666666666666,0.9847328244274809
wordnet:vehicle.n.01:2,0.2,0.85,3,18,0.4444444444444444,0.8,0.5555555555555556,0.3333333333333333,0.9166666666666666,0.9847328244274809
wordnet:vehicle.n.01:2,0.2,0.9,3,18,0.4444444444444444,0.8,0.5555555555555556,0.3333333333333333,0.9166666666666666,0.9847328244274809
wordnet:vehicle.n.01:2,0.2,0.95,3,0,,0.0,,,0.0,0.816793893129771
wordnet:vehicle.n.01:2,0.2,1.0,3,0,,0.0,,,0.0,0.816793893129771
wordnet:vehicle.n.01:2,0.2,1.01,3,0,,0.0,,,0.0,0.816793893129771
wordnet:vehicle.n.01:2,0.2,0.0,4,16,0.375,0.6,0.625,0.30120481927710846,0.8928571428571429,0.9770992366412213
wordnet:vehicle.n.01:2,0.2,0.5,4,16,0.375,0.6,0.625,0.30120481927710846,0.8928571428571429,0.9770992366412213
wordnet:vehicle.n.01:2,0.2,0.55,4,16,0.375,0.6,0.625,0.30120481927710846,0.8928571428571429,0.9770992366412213
wordnet:vehicle.n.01:2,0.2,0.6,4,16,0.375,0.6,0.625,0.30120481927710846,0.8928571428571429,0.9770992366412213
wordnet:vehicle.n.01:2,0.2,0.75,4,16,0.375,0.6,0.625,0.30120481927710846,0.8928571428571429,0.9770992366412213
wordnet:vehicle.n.01:2,0.2,0.85,4,16,0.375,0.6,0.625,0.30120481927710846,0.8928571428571429,0.9770992366412213
wordnet:vehicle.n.01:2,0.2,0.9,4,16,0.375,0.6,0.625,0.30120481927710846,0.8928571428571429,0.9770992366412213
wordnet:vehicle.n.01:2,0.2,0.95,4,0,,0.0,,,0.0,0.7862595419847328
wordnet:vehicle.n.01:2,0.2,1.0,4,0,,0.0,,,0.0,0.7862595419847328
wordnet:vehicle.n.01:2,0.2,1.01,4,0,,0.0,,,0.0,0.7862595419847328
wordnet:vehicle.n.01:2,0.2,0.0,5,19,0.47368421052631576,0.9,0.5263157894736842,0.32142857142857145,1.0,1.0
wordnet:vehicle.n.01:2,0.2,0.5,5,19,0.47368421052631576,0.9,0.5263157894736842,0.32142857142857145,1.0,1.0
wordnet:vehicle.n.01:2,0.2,0.55,5,19,0.47368421052631576,0.9,0.5263157894736842,0.32142857142857145,1.0,1.0
wordnet:vehicle.n.01:2,0.2,0.6,5,19,0.47368421052631576,0.9,0.5263157894736842,0.32142857142857145,1.0,1.0
wordnet:vehicle.n.01:2,0.2,0.75,5,19,0.47368421052631576,0.9,0.5263157894736842,0.32142857142857145,1.0,1.0
wordnet:vehicle.n.01:2,0.2,0.85,5,19,0.47368421052631576,0.9,0.5263157894736842,0.32142857142857145,1.0,1.0
wordnet:vehicle.n.01:2,0.2,0.9,5,19,0.47368421052631576,0.9,0.5263157894736842,0.32142857142857145,1.0,1.0
wordnet:vehicle.n.01:2,0.2,0.95,5,0,,0.0,,,0.0,0.8625954198473282
wordnet:vehicle.n.01:2,0.2,1.0,5,0,,0.0,,,0.0,0.8625954198473282
wordnet:vehicle.n.01:2,0.2,1.01,5,0,,0.0,,,0.0,0.8625954198473282
wordnet:vehicle.n.01:2,0.2,0.0,6,18,0.4444444444444444,0.8,0.5555555555555556,0.3007518796992481,1.0,1.0
wordnet:vehicle.n.01:2,0.2,0.5,6,18,0.4444444444444444,0.8,0.5555555555555556,0.3007518796992481,1.0,1.0
wordnet:vehicle.n.01:2,0.2,0.55,6,18,0.4444444444444444,0.8,0.5555555555555556,0.3007518796992481,1.0,1.0
wordnet:vehicle.n.01:2,0.2,0.6,6,18,0.4444444444444444,0.8,0.5555555555555556,0.3007518796992481,1.0,1.0
wordnet:vehicle.n.01:2,0.2,0.75,6,18,0.4444444444444444,0.8,0.5555555555555556,0.3007518796992481,1.0,1.0
wordnet:vehicle.n.01:2,0.2,0.85,6,18,0.4444444444444444,0.8,0.5555555555555556,0.3007518796992481,1.0,1.0
wordnet:vehicle.n.01:2,0.2,0.9,6,18,0.4444444444444444,0.8,0.5555555555555556,0.3007518796992481,1.0,1.0
wordnet:vehicle.n.01:2,0.2,0.95,6,0,,0.0,,,0.0,0.6946564885496184
wordnet:vehicle.n.01:2,0.2,1.0,6,0,,0.0,,,0.0,0.6946564885496184
wordnet:vehicle.n.01:2,0.2,1.01,6,0,,0.0,,,0.0,0.6946564885496184
wordnet:vehicle.n.01:2,0.2,0.0,7,18,0.4444444444444444,0.8,0.5555555555555556,0.5510204081632653,0.9642857142857143,0.9923664122137404
wordnet:vehicle.n.01:2,0.2,0.5,7,18,0.4444444444444444,0.8,0.5555555555555556,0.5510204081632653,0.9642857142857143,0.9923664122137404
wordnet:vehicle.n.01:2,0.2,0.55,7,18,0.4444444444444444,0.8,0.5555555555555556,0.5510204081632653,0.9642857142857143,0.9923664122137404
wordnet:vehicle.n.01:2,0.2,0.6,7,18,0.4444444444444444,0.8,0.5555555555555556,0.5510204081632653,0.9642857142857143,0.9923664122137404
wordnet:vehicle.n.01:2,0.2,0.75,7,18,0.4444444444444444,0.8,0.5555555555555556,0.5510204081632653,0.9642857142857143,0.9923664122137404
wordnet:vehicle.n.01:2,0.2,0.85,7,18,0.4444444444444444,0.8,0.5555555555555556,0.5510204081632653,0.9642857142857143,0.9923664122137404
wordnet:vehicle.n.01:2,0.2,0.9,7,18,0.4444444444444444,0.8,0.5555555555555556,0.5510204081632653,0.9642857142857143,0.9923664122137404
wordnet:vehicle.n.01:2,0.2,0.95,7,0,,0.0,,,0.0,0.7862595419847328
wordnet:vehicle.n.01:2,0.2,1.0,7,0,,0.0,,,0.0,0.7862595419847328
wordnet:vehicle.n.01:2,0.2,1.01,7,0,,0.0,,,0.0,0.7862595419847328
wordnet:vehicle.n.01:2,0.2,0.0,8,18,0.4444444444444444,0.8,0.5555555555555556,0.4,1.0,1.0
wordnet:vehicle.n.01:2,0.2,0.5,8,18,0.4444444444444444,0.8,0.5555555555555556,0.4,1.0,1.0
wordnet:vehicle.n.01:2,0.2,0.55,8,18,0.4444444444444444,0.8,0.5555555555555556,0.4,1.0,1.0
wordnet:vehicle.n.01:2,0.2,0.6,8,18,0.4444444444444444,0.8,0.5555555555555556,0.4,1.0,1.0
wordnet:vehicle.n.01:2,0.2,0.75,8,18,0.4444444444444444,0.8,0.5555555555555556,0.4,1.0,1.0
wordnet:vehicle.n.01:2,0.2,0.85,8,18,0.4444444444444444,0.8,0.5555555555555556,0.4,1.0,1.0
wordnet:vehicle.n.01:2,0.2,0.9,8,18,0.4444444444444444,0.8,0.5555555555555556,0.4,1.0,1.0
wordnet:vehicle.n.01:2,0.2,0.95,8,0,,0.0,,,0.0,0.8473282442748091
wordnet:vehicle.n.01:2,0.2,1.0,8,0,,0.0,,,0.0,0.8473282442748091
wordnet:vehicle.n.01:2,0.2,1.01,8,0,,0.0,,,0.0,0.8473282442748091
wordnet:vehicle.n.01:2,0.2,0.0,9,18,0.4444444444444444,0.8,0.5555555555555556,0.4864864864864865,0.9,0.9847328244274809
wordnet:vehicle.n.01:2,0.2,0.5,9,18,0.4444444444444444,0.8,0.5555555555555556,0.4864864864864865,0.9,0.9847328244274809
wordnet:vehicle.n.01:2,0.2,0.55,9,18,0.4444444444444444,0.8,0.5555555555555556,0.4864864864864865,0.9,0.9847328244274809
wordnet:vehicle.n.01:2,0.2,0.6,9,18,0.4444444444444444,0.8,0.5555555555555556,0.4864864864864865,0.9,0.9847328244274809
wordnet:vehicle.n.01:2,0.2,0.75,9,18,0.4444444444444444,0.8,0.5555555555555556,0.4864864864864865,0.9,0.9847328244274809
wordnet:vehicle.n.01:2,0.2,0.85,9,18,0.4444444444444444,0.8,0.5555555555555556,0.4864864864864865,0.9,0.9847328244274809
wordnet:vehicle.n.01:2,0.2,0.9,9,18,0.4444444444444444,0.8,0.5555555555555556,0.4864864864864865,0.9,0.9847328244274809
wordnet:vehicle.n.01:2,0.2,0.95,9,0,,0.0,,,0.0,0.8473282442748091
wordnet:vehicle.n.01:2,0.2,1.0,9,0,,0.0,,,0.0,0.8473282442748091
wordnet:vehicle.n.01:2,0.2,1.01,9,0,,0.0,,,0.0,0.8473282442748091
wordnet:vehicle.n.01:2,0.2,0.0,10,18,0.4444444444444444,0.8,0.5555555555555556,0.5208333333333334,0.9615384615384616,0.9923664122137404
wordnet:vehicle.n.01:2,0.2,0.5,10,18,0.4444444444444444,0.8,0.5555555555555556,0.5208333333333334,0.9615384615384616,0.9923664122137404
wordnet:vehicle.n.01:2,0.2,0.55,10,18,0.4444444444444444,0.8,0.5555555555555556,0.5208333333333334,0.9615384615384616,0.9923664122137404
wordnet:vehicle.n.01:2,0.2,0.6,10,18,0.4444444444444444,0.8,0.5555555555555556,0.5208333333333334,0.9615384615384616,0.9923664122137404
wordnet:vehicle.n.01:2,0.2,0.75,10,18,0.4444444444444444,0.8,0.5555555555555556,0.5208333333333334,0.9615384615384616,0.9923664122137404
wordnet:vehicle.n.01:2,0.2,0.85,10,18,0.4444444444444444,0.8,0.5555555555555556,0.5208333333333334,0.9615384615384616,0.9923664122137404
wordnet:vehicle.n.01:2,0.2,0.9,10,18,0.4444444444444444,0.8,0.5555555555555556,0.5208333333333334,0.9615384615384616,0.9923664122137404
wordnet:vehicle.n.01:2,0.2,0.95,10,0,,0.0,,,0.0,0.8015267175572519
wordnet:vehicle.n.01:2,0.2,1.0,10,0,,0.0,,,0.0,0.8015267175572519
wordnet:vehicle.n.01:2,0.2,1.01,10,0,,0.0,,,0.0,0.8015267175572519
wordnet:vehicle.n.01:2,0.2,0.0,11,17,0.4117647058823529,0.7,0.5882352941176471,0.36507936507936506,1.0,1.0
wordnet:vehicle.n.01:2,0.2,0.5,11,17,0.4117647058823529,0.7,0.5882352941176471,0.36507936507936506,1.0,1.0
wordnet:vehicle.n.01:2,0.2,0.55,11,17,0.4117647058823529,0.7,0.5882352941176471,0.36507936507936506,1.0,1.0
wordnet:vehicle.n.01:2,0.2,0.6,11,17,0.4117647058823529,0.7,0.5882352941176471,0.36507936507936506,1.0,1.0
wordnet:vehicle.n.01:2,0.2,0.75,11,17,0.4117647058823529,0.7,0.5882352941176471,0.36507936507936506,1.0,1.0
wordnet:vehicle.n.01:2,0.2,0.85,11,17,0.4117647058823529,0.7,0.5882352941176471,0.36507936507936506,1.0,1.0
wordnet:vehicle.n.01:2,0.2,0.9,11,17,0.4117647058823529,0.7,0.5882352941176471,0.36507936507936506,1.0,1.0
wordnet:vehicle.n.01:2,0.2,0.95,11,0,,0.0,,,0.0,0.8244274809160306
wordnet:vehicle.n.01:2,0.2,1.0,11,0,,0.0,,,0.0,0.8244274809160306
wordnet:vehicle.n.01:2,0.2,1.01,11,0,,0.0,,,0.0,0.8244274809160306
wordnet:vehicle.n.01:2,0.2,0.0,12,17,0.4117647058823529,0.7,0.5882352941176471,0.4857142857142857,0.85,0.9770992366412213
wordnet:vehicle.n.01:2,0.2,0.5,12,17,0.4117647058823529,0.7,0.5882352941176471,0.4857142857142857,0.85,0.9770992366412213
wordnet:vehicle.n.01:2,0.2,0.55,12,17,0.4117647058823529,0.7,0.5882352941176471,0.4857142857142857,0.85,0.9770992366412213
wordnet:vehicle.n.01:2,0.2,0.6,12,17,0.4117647058823529,0.7,0.5882352941176471,0.4857142857142857,0.85,0.9770992366412213
wordnet:vehicle.n.01:2,0.2,0.75,12,17,0.4117647058823529,0.7,0.5882352941176471,0.4857142857142857,0.85,0.9770992366412213
wordnet:vehicle.n.01:2,0.2,0.85,12,17,0.4117647058823529,0.7,0.5882352941176471,0.4857142857142857,0.85,0.9770992366412213
wordnet:vehicle.n.01:2,0.2,0.9,12,17,0.4117647058823529,0.7,0.5882352941176471,0.4857142857142857,0.85,0.9770992366412213
wordnet:vehicle.n.01:2,0.2,0.95,12,0,,0.0,,,0.0,0.8473282442748091
wordnet:vehicle.n.01:2,0.2,1.0,12,0,,0.0,,,0.0,0.8473282442748091
wordnet:vehicle.n.01:2,0.2,1.01,12,0,,0.0,,,0.0,0.8473282442748091
wordnet:vehicle.n.01:2,0.2,0.0,13,15,0.3333333333333333,0.5,0.6666666666666666,0.38636363636363635,0.85,0.9770992366412213
wordnet:vehicle.n.01:2,0.2,0.5,13,15,0.3333333333333333,0.5,0.6666666666666666,0.38636363636363635,0.85,0.9770992366412213
wordnet:vehicle.n.01:2,0.2,0.55,13,15,0.3333333333333333,0.5,0.6666666666666666,0.38636363636363635,0.85,0.9770992366412213
wordnet:vehicle.n.01:2,0.2,0.6,13,15,0.3333333333333333,0.5,0.6666666666666666,0.38636363636363635,0.85,0.9770992366412213
wordnet:vehicle.n.01:2,0.2,0.75,13,15,0.3333333333333333,0.5,0.6666666666666666,0.38636363636363635,0.85,0.9770992366412213
wordnet:vehicle.n.01:2,0.2,0.85,13,15,0.3333333333333333,0.5,0.6666666666666666,0.38636363636363635,0.85,0.9770992366412213
wordnet:vehicle.n.01:2,0.2,0.9,13,15,0.3333333333333333,0.5,0.6666666666666666,0.38636363636363635,0.85,0.9770992366412213
wordnet:vehicle.n.01:2,0.2,0.95,13,0,,0.0,,,0.0,0.8473282442748091
wordnet:vehicle.n.01:2,0.2,1.0,13,0,,0.0,,,0.0,0.8473282442748091
wordnet:vehicle.n.01:2,0.2,1.01,13,0,,0.0,,,0.0,0.8473282442748091
wordnet:vehicle.n.01:2,0.2,0.0,14,17,0.4117647058823529,0.7,0.5882352941176471,0.6097560975609756,0.9259259259259259,0.9847328244274809
wordnet:vehicle.n.01:2,0.2,0.5,14,17,0.4117647058823529,0.7,0.5882352941176471,0.6097560975609756,0.9259259259259259,0.9847328244274809
wordnet:vehicle.n.01:2,0.2,0.55,14,17,0.4117647058823529,0.7,0.5882352941176471,0.6097560975609756,0.9259259259259259,0.9847328244274809
wordnet:vehicle.n.01:2,0.2,0.6,14,17,0.4117647058823529,0.7,0.5882352941176471,0.6097560975609756,0.9259259259259259,0.9847328244274809
wordnet:vehicle.n.01:2,0.2,0.75,14,17,0.4117647058823529,0.7,0.5882352941176471,0.6097560975609756,0.9259259259259259,0.9847328244274809
wordnet:vehicle.n.01:2,0.2,0.85,14,17,0.4117647058823529,0.7,0.5882352941176471,0.6097560975609756,0.9259259259259259,0.9847328244274809
wordnet:vehicle.n.01:2,0.2,0.9,14,17,0.4117647058823529,0.7,0.5882352941176471,0.6097560975609756,0.9259259259259259,0.9847328244274809
wordnet:vehicle.n.01:2,0.2,0.95,14,0,,0.0,,,0.0,0.7938931297709924
wordnet:vehicle.n.01:2,0.2,1.0,14,0,,0.0,,,0.0,0.7938931297709924
wordnet:vehicle.n.01:2,0.2,1.01,14,0,,0.0,,,0.0,0.7938931297709924
wordnet:vehicle.n.01:2,0.4,0.0,0,29,0.3103448275862069,0.9,0.6896551724137931,0.19393939393939394,1.0,1.0
wordnet:vehicle.n.01:2,0.4,0.5,0,29,0.3103448275862069,0.9,0.6896551724137931,0.19393939393939394,1.0,1.0
wordnet:vehicle.n.01:2,0.4,0.55,0,29,0.3103448275862069,0.9,0.6896551724137931,0.19393939393939394,1.0,1.0
wordnet:vehicle.n.01:2,0.4,0.6,0,29,0.3103448275862069,0.9,0.6896551724137931,0.19393939393939394,1.0,1.0
wordnet:vehicle.n.01:2,0.4,0.75,0,29,0.3103448275862069,0.9,0.6896551724137931,0.19393939393939394,1.0,1.0
wordnet:vehicle.n.01:2,0.4,0.85,0,29,0.3103448275862069,0.9,0.6896551724137931,0.19393939393939394,1.0,1.0
wordnet:vehicle.n.01:2,0.4,0.9,0,29,0.3103448275862069,0.9,0.6896551724137931,0.19393939393939394,1.0,1.0
wordnet:vehicle.n.01:2,0.4,0.95,0,0,,0.0,,,0.0,0.7557251908396947
wordnet:vehicle.n.01:2,0.4,1.0,0,0,,0.0,,,0.0,0.7557251908396947
wordnet:vehicle.n.01:2,0.4,1.01,0,0,,0.0,,,0.0,0.7557251908396947
wordnet:vehicle.n.01:2,0.4,0.0,1,25,0.2,0.5,0.8,0.11347517730496454,0.8888888888888888,0.9847328244274809
wordnet:vehicle.n.01:2,0.4,0.5,1,25,0.2,0.5,0.8,0.11347517730496454,0.8888888888888888,0.9847328244274809
wordnet:vehicle.n.01:2,0.4,0.55,1,25,0.2,0.5,0.8,0.11347517730496454,0.8888888888888888,0.9847328244274809
wordnet:vehicle.n.01:2,0.4,0.6,1,25,0.2,0.5,0.8,0.11347517730496454,0.8888888888888888,0.9847328244274809
wordnet:vehicle.n.01:2,0.4,0.75,1,25,0.2,0.5,0.8,0.11347517730496454,0.8888888888888888,0.9847328244274809
wordnet:vehicle.n.01:2,0.4,0.85,1,25,0.2,0.5,0.8,0.11347517730496454,0.8888888888888888,0.9847328244274809
wordnet:vehicle.n.01:2,0.4,0.9,1,25,0.2,0.5,0.8,0.11347517730496454,0.8888888888888888,0.9847328244274809
wordnet:vehicle.n.01:2,0.4,0.95,1,0,,0.0,,,0.0,0.8625954198473282
wordnet:vehicle.n.01:2,0.4,1.0,1,0,,0.0,,,0.0,0.8625954198473282
wordnet:vehicle.n.01:2,0.4,1.01,1,0,,0.0,,,0.0,0.8625954198473282
wordnet:vehicle.n.01:2,0.4,0.0,2,23,0.17391304347826086,0.4,0.8260869565217391,0.18309859154929578,0.7222222222222222,0.9618320610687023
wordnet:vehicle.n.01:2,0.4,0.5,2,23,0.17391304347826086,0.4,0.8260869565217391,0.18309859154929578,0.7222222222222222,0.9618320610687023
wordnet:vehicle.n.01:2,0.4,0.55,2,23,0.17391304347826086,0.4,0.8260869565217391,0.18309859154929578,0.7222222222222222,0.9618320610687023
wordnet:vehicle.n.01:2,0.4,0.6,2,23,0.17391304347826086,0.4,0.8260869565217391,0.18309859154929578,0.7222222222222222,0.9618320610687023
wordnet:vehicle.n.01:2,0.4,0.75,2,23,0.17391304347826086,0.4,0.8260869565217391,0.18309859154929578,0.7222222222222222,0.9618320610687023
wordnet:vehicle.n.01:2,0.4,0.85,2,23,0.17391304347826086,0.4,0.8260869565217391,0.18309859154929578,0.7222222222222222,0.9618320610687023
wordnet:vehicle.n.01:2,0.4,0.9,2,23,0.17391304347826086,0.4,0.8260869565217391,0.18309859154929578,0.7222222222222222,0.9618320610687023
wordnet:vehicle.n.01:2,0.4,0.95,2,0,,0.0,,,0.0,0.8625954198473282
wordnet:vehicle.n.01:2,0.4,1.0,2,0,,0.0,,,0.0,0.8625954198473282
wordnet:vehicle.n.01:2,0.4,1.01,2,0,,0.0,,,0.0,0.8625954198473282
wordnet:vehicle.n.01:2,0.4,0.0,3,26,0.23076923076923078,0.6,0.7692307692307693,0.22727272727272727,0.8333333333333334,0.9770992366412213
wordnet:vehicle.n.01:2,0.4,0.5,3,26,0.23076923076923078,0.6,0.7692307692307693,0.22727272727272727,0.8333333333333334,0.9770992366412213
wordnet:vehicle.n.01:2,0.4,0.55,3,26,0.23076923076923078,0.6,0.7692307692307693,0.22727272727272727,0.8333333333333334,0.9770992366412213
wordnet:vehicle.n.01:2,0.4,0.6,3,26,0.23076923076923078,0.6,0.7692307692307693,0.22727272727272727,0.8333333333333334,0.9770992366412213
wordnet:vehicle.n.01:2,0.4,0.75,3,26,0.23076923076923078,0.6,0.7692307692307693,0.22727272727272727,0.8333333333333334,0.9770992366412213
wordnet:vehicle.n.01:2,0.4,0.85,3,26,0.23076923076923078,0.6,0.7692307692307693,0.22727272727272727,0.8333333333333334,0.9770992366412213
wordnet:vehicle.n.01:2,0.4,0.9,3,26,0.23076923076923078,0.6,0.7692307692307693,0.22727272727272727,0.8333333333333334,0.9770992366412213
wordnet:vehicle.n.01:2,0.4,0.95,3,0,,0.0,,,0.0,0.8625954198473282
wordnet:vehicle.n.01:2,0.4,1.0,3,0,,0.0,,,0.0,0.8625954198473282
wordnet:vehicle.n.01:2,0.4,1.01,3,0,,0.0,,,0.0,0.8625954198473282
wordnet:vehicle.n.01:2,0.4,0.0,4,24,0.16666666666666666,0.4,0.8333333333333334,0.0797872340425532,0.8823529411764706,0.9847328244274809
wordnet:vehicle.n.01:2,0.4,0.5,4,24,0.16666666666666666,0.4,0.8333333333333334,0.0797872340425532,0.8823529411764706,0.9847328244274809
wordnet:vehicle.n.01:2,0.4,0.55,4,24,0.16666666666666666,0.4,0.8333333333333334,0.0797872340425532,0.8823529411764706,0.9847328244274809
wordnet:vehicle.n.01:2,0.4,0.6,4,24,0.16666666666666666,0.4,0.8333333333333334,0.0797872340425532,0.8823529411764706,0.9847328244274809
wordnet:vehicle.n.01:2,0.4,0.75,4,24,0.16666666666666666,0.4,0.8333333333333334,0.0797872340425532,0.8823529411764706,0.9847328244274809
wordnet:vehicle.n.01:2,0.4,0.85,4,24,0.16666666666666666,0.4,0.8333333333333334,0.0797872340425532,0.8823529411764706,0.9847328244274809
wordnet:vehicle.n.01:2,0.4,0.9,4,24,0.16666666666666666,0.4,0.8333333333333334,0.0797872340425532,0.8823529411764706,0.9847328244274809
wordnet:vehicle.n.01:2,0.4,0.95,4,0,,0.0,,,0.0,0.8702290076335878
wordnet:vehicle.n.01:2,0.4,1.0,4,0,,0.0,,,0.0,0.8702290076335878
wordnet:vehicle.n.01:2,0.4,1.01,4,0,,0.0,,,0.0,0.8702290076335878
wordnet:vehicle.n.01:2,0.4,0.0,5,26,0.23076923076923078,0.6,0.7692307692307693,0.2127659574468085,0.967741935483871,0.9923664122137404
wordnet:vehicle.n.01:2,0.4,0.5,5,26,0.23076923076923078,0.6,0.7692307692307693,0.2127659574468085,0.967741935483871,0.9923664122137404
wordnet:vehicle.n.01:2,0.4,0.55,5,26,0.23076923076923078,0.6,0.7692307692307693,0.2127659574468085,0.967741935483871,0.9923664122137404
wordnet:vehicle.n.01:2,0.4,0.6,5,26,0.23076923076923078,0.6,0.7692307692307693,0.2127659574468085,0.967741935483871,0.9923664122137404
wordnet:vehicle.n.01:2,0.4,0.75,5,26,0.23076923076923078,0.6,0.7692307692307693,0.2127659574468085,0.967741935483871,0.9923664122137404
wordnet:vehicle.n.01:2,0.4,0.85,5,26,0.23076923076923078,0.6,0.7692307692307693,0.2127659574468085,0.967741935483871,0.9923664122137404
wordnet:vehicle.n.01:2,0.4,0.9,5,26,0.23076923076923078,0.6,0.7692307692307693,0.2127659574468085,0.967741935483871,0.9923664122137404
wordnet:vehicle.n.01:2,0.4,0.95,5,0,,0.0,,,0.0,0.7633587786259542
wordnet:vehicle.n.01:2,0.4,1.0,5,0,,0.0,,,0.0,0.7633587786259542
wordnet:vehicle.n.01:2,0.4,1.01,5,0,,0.0,,,0.0,0.7633587786259542
wordnet:vehicle.n.01:2,0.4,0.0,6,26,0.23076923076923078,0.6,0.7692307692307693,0.10545454545454545,1.0,1.0
wordnet:vehicle.n.01:2,0.4,0.5,6,26,0.23076923076923078,0.6,0.7692307692307693,0.10545454545454545,1.0,1.0
wordnet:vehicle.n.01:2,0.4,0.55,6,26,0.23076923076923078,0.6,0.7692307692307693,0.10545454545454545,1.0,1.0
wordnet:vehicle.n.01:2,0.4,0.6,6,26,0.23076923076923078,0.6,0.7692307692307693,0.10545454545454545,1.0,1.0
wordnet:vehicle.n.01:2,0.4,0.75,6,26,0.23076923076923078,0.6,0.7692307692307693,0.10545454545454545,1.0,1.0
wordnet:vehicle.n.01:2,0.4,0.85,6,26,0.23076923076923078,0.6,0.7692307692307693,0.10545454545454545,1.0,1.0
wordnet:vehicle.n.01:2,0.4,0.9,6,26,0.23076923076923078,0.6,0.7692307692307693,0.10545454545454545,1.0,1.0
wordnet:vehicle.n.01:2,0.4,0.95,6,0,,0.0,,,0.0,0.7786259541984732
wordnet:vehicle.n.01:2,0.4,1.0,6,0,,0.0,,,0.0,0.7786259541984732
wordnet:vehicle.n.01:2,0.4,1.01,6,0,,0.0,,,0.0,0.7786259541984732
wordnet:vehicle.n.01:2,0.4,0.0,7,28,0.32142857142857145,0.9,0.6785714285714286,0.2916666666666667,0.9655172413793104,0.9923664122137404
wordnet:vehicle.n.01:2,0.4,0.5,7,28,0.32142857142857145,0.9,0.6785714285714286,0.2916666666666667,0.9655172413793104,0.9923664122137404
wordnet:vehicle.n.01:2,0.4,0.55,7,28,0.32142857142857145,0.9,0.6785714285714286,0.2916666666666667,0.9655172413793104,0.9923664122137404
wordnet:vehicle.n.01:2,0.4,0.6,7,28,0.32142857142857145,0.9,0.6785714285714286,0.2916666666666667,0.9655172413793104,0.9923664122137404
wordnet:vehicle.n.01:2,0.4,0.75,7,28,0.32142857142857145,0.9,0.6785714285714286,0.2916666666666667,0.9655172413793104,0.9923664122137404
wordnet:vehicle.n.01:2,0.4,0.85,7,28,0.32142857142857145,0.9,0.6785714285714286,0.2916666666666667,0.9655172413793104,0.9923664122137404
wordnet:vehicle.n.01:2,0.4,0.9,7,28,0.32142857142857145,0.9,0.6785714285714286,0.2916666666666667,0.9655172413793104,0.9923664122137404
wordnet:vehicle.n.01:2,0.4,0.95,7,0,,0.0,,,0.0,0.7786259541984732
wordnet:vehicle.n.01:2,0.4,1.0,7,0,,0.0,,,0.0,0.7786259541984732
wordnet:vehicle.n.01:2,0.4,1.01,7,0,,0.0,,,0.0,0.7786259541984732
wordnet:vehicle.n.01:2,0.4,0.0,8,27,0.25925925925925924,0.7,0.7407407407407407,0.24242424242424243,0.9230769230769231,0.9847328244274809
wordnet:vehicle.n.01:2,0.4,0.5,8,27,0.25925925925925924,0.7,0.7407407407407407,0.24242424242424243,0.9230769230769231,0.9847328244274809
wordnet:vehicle.n.01:2,0.4,0.55,8,27,0.25925925925925924,0.7,0.7407407407407407,0.24242424242424243,0.9230769230769231,0.9847328244274809
wordnet:vehicle.n.01:2,0.4,0.6,8,27,0.25925925925925924,0.7,0.7407407407407407,0.24242424242424243,0.9230769230769231,0.9847328244274809
wordnet:vehicle.n.01:2,0.4,0.75,8,27,0.25925925925925924,0.7,0.7407407407407407,0.24242424242424243,0.9230769230769231,0.9847328244274809
wordnet:vehicle.n.01:2,0.4,0.85,8,27,0.25925925925925924,0.7,0.7407407407407407,0.24242424242424243,0.9230769230769231,0.9847328244274809
wordnet:vehicle.n.01:2,0.4,0.9,8,27,0.25925925925925924,0.7,0.7407407407407407,0.24242424242424243,0.9230769230769231,0.9847328244274809
wordnet:vehicle.n.01:2,0.4,0.95,8,0,,0.0,,,0.0,0.8015267175572519
wordnet:vehicle.n.01:2,0.4,1.0,8,0,,0.0,,,0.0,0.8015267175572519
wordnet:vehicle.n.01:2,0.4,1.01,8,0,,0.0,,,0.0,0.8015267175572519
wordnet:vehicle.n.01:2,0.4,0.0,9,26,0.23076923076923078,0.6,0.7692307692307693,0.10497237569060773,0.9047619047619048,0.9847328244274809
wordnet:vehicle.n.01:2,0.4,0.5,9,26,0.23076923076923078,0.6,0.7692307692307693,0.10497237569060773,0.9047619047619048,0.9847328244274809
wordnet:vehicle.n.01:2,0.4,0.55,9,26,0.23076923076923078,0.6,0.7692307692307693,0.10497237569060773,0.9047619047619048,0.9847328244274809
wordnet:vehicle.n.01:2,0.4,0.6,9,26,0.23076923076923078,0.6,0.7692307692307693,0.10497237569060773,0.9047619047619048,0.9847328244274809
wordnet:vehicle.n.01:2,0.4,0.75,9,26,0.23076923076923078,0.6,0.7692307692307693,0.10497237569060773,0.9047619047619048,0.9847328244274809
wordnet:vehicle.n.01:2,0.4,0.85,9,26,0.23076923076923078,0.6,0.7692307692307693,0.10497237569060773,0.9047619047619048,0.9847328244274809
wordnet:vehicle.n.01:2,0.4,0.9,9,26,0.23076923076923078,0.6,0.7692307692307693,0.10497237569060773,0.9047619047619048,0.9847328244274809
wordnet:vehicle.n.01:2,0.4,0.95,9,0,,0.0,,,0.0,0.8396946564885496
wordnet:vehicle.n.01:2,0.4,1.0,9,0,,0.0,,,0.0,0.8396946564885496
wordnet:vehicle.n.01:2,0.4,1.01,9,0,,0.0,,,0.0,0.8396946564885496
wordnet:vehicle.n.01:2,0.4,0.0,10,27,0.25925925925925924,0.7,0.7407407407407407,0.16666666666666666,0.9090909090909091,0.9847328244274809
wordnet:vehicle.n.01:2,0.4,0.5,10,27,0.25925925925925924,0.7,0.7407407407407407,0.16666666666666666,0.9090909090909091,0.9847328244274809
wordnet:vehicle.n.01:2,0.4,0.55,10,27,0.25925925925925924,0.7,0.7407407407407407,0.16666666666666666,0.9090909090909091,0.9847328244274809
wordnet:vehicle.n.01:2,0.4,0.6,10,27,0.25925925925925924,0.7,0.7407407407407407,0.16666666666666666,0.9090909090909091,0.9847328244274809
wordnet:vehicle.n.01:2,0.4,0.75,10,27,0.25925925925925924,0.7,0.7407407407407407,0.16666666666666666,0.9090909090909091,0.9847328244274809
wordnet:vehicle.n.01:2,0.4,0.85,10,27,0.25925925925925924,0.7,0.7407407407407407,0.16666666666666666,0.9090909090909091,0.9847328244274809
wordnet:vehicle.n.01:2,0.4,0.9,10,27,0.25925925925925924,0.7,0.7407407407407407,0.16666666666666666,0.9090909090909091,0.9847328244274809
wordnet:vehicle.n.01:2,0.4,0.95,10,0,,0.0,,,0.0,0.8320610687022901
wordnet:vehicle.n.01:2,0.4,1.0,10,0,,0.0,,,0.0,0.8320610687022901
wordnet:vehicle.n.01:2,0.4,1.01,10,0,,0.0,,,0.0,0.8320610687022901
wordnet:vehicle.n.01:2,0.4,0.0,11,26,0.23076923076923078,0.6,0.7692307692307693,0.3116883116883117,0.9230769230769231,0.9847328244274809
wordnet:vehicle.n.01:2,0.4,0.5,11,26,0.23076923076923078,0.6,0.7692307692307693,0.3116883116883117,0.9230769230769231,0.9847328244274809
wordnet:vehicle.n.01:2,0.4,0.55,11,26,0.23076923076923078,0.6,0.7692307692307693,0.3116883116883117,0.9230769230769231,0.9847328244274809
wordnet:vehicle.n.01:2,0.4,0.6,11,26,0.23076923076923078,0.6,0.7692307692307693,0.3116883116883117,0.9230769230769231,0.9847328244274809
wordnet:vehicle.n.01:2,0.4,0.75,11,26,0.23076923076923078,0.6,0.7692307692307693,0.3116883116883117,0.9230769230769231,0.9847328244274809
wordnet:vehicle.n.01:2,0.4,0.85,11,26,0.23076923076923078,0.6,0.7692307692307693,0.3116883116883117,0.9230769230769231,0.9847328244274809
wordnet:vehicle.n.01:2,0.4,0.9,11,26,0.23076923076923078,0.6,0.7692307692307693,0.3116883116883117,0.9230769230769231,0.9847328244274809
wordnet:vehicle.n.01:2,0.4,0.95,11,0,,0.0,,,0.0,0.8015267175572519
wordnet:vehicle.n.01:2,0.4,1.0,11,0,,0.0,,,0.0,0.8015267175572519
wordnet:vehicle.n.01:2,0.4,1.01,11,0,,0.0,,,0.0,0.8015267175572519
wordnet:vehicle.n.01:2,0.4,0.0,12,27,0.25925925925925924,0.7,0.7407407407407407,0.3684210526315789,0.9333333333333333,0.9847328244274809
wordnet:vehicle.n.01:2,0.4,0.5,12,27,0.25925925925925924,0.7,0.7407407407407407,0.3684210526315789,0.9333333333333333,0.9847328244274809
wordnet:vehicle.n.01:2,0.4,0.55,12,27,0.25925925925925924,0.7,0.7407407407407407,0.3684210526315789,0.9333333333333333,0.9847328244274809
wordnet:vehicle.n.01:2,0.4,0.6,12,27,0.25925925925925924,0.7,0.7407407407407407,0.3684210526315789,0.9333333333333333,0.9847328244274809
wordnet:vehicle.n.01:2,0.4,0.75,12,27,0.25925925925925924,0.7,0.7407407407407407,0.3684210526315789,0.9333333333333333,0.9847328244274809
wordnet:vehicle.n.01:2,0.4,0.85,12,27,0.25925925925925924,0.7,0.7407407407407407,0.3684210526315789,0.9333333333333333,0.9847328244274809
wordnet:vehicle.n.01:2,0.4,0.9,12,27,0.25925925925925924,0.7,0.7407407407407407,0.3684210526315789,0.9333333333333333,0.9847328244274809
wordnet:vehicle.n.01:2,0.4,0.95,12,0,,0.0,,,0.0,0.7709923664122137
wordnet:vehicle.n.01:2,0.4,1.0,12,0,,0.0,,,0.0,0.7709923664122137
wordnet:vehicle.n.01:2,0.4,1.01,12,0,,0.0,,,0.0,0.7709923664122137
wordnet:vehicle.n.01:2,0.4,0.0,13,25,0.2,0.5,0.8,0.16470588235294117,0.6666666666666666,0.9465648854961832
wordnet:vehicle.n.01:2,0.4,0.5,13,25,0.2,0.5,0.8,0.16470588235294117,0.6666666666666666,0.9465648854961832
wordnet:vehicle.n.01:2,0.4,0.55,13,25,0.2,0.5,0.8,0.16470588235294117,0.6666666666666666,0.9465648854961832
wordnet:vehicle.n.01:2,0.4,0.6,13,25,0.2,0.5,0.8,0.16470588235294117,0.6666666666666666,0.9465648854961832
wordnet:vehicle.n.01:2,0.4,0.75,13,25,0.2,0.5,0.8,0.16470588235294117,0.6666666666666666,0.9465648854961832
wordnet:vehicle.n.01:2,0.4,0.85,13,25,0.2,0.5,0.8,0.16470588235294117,0.6666666666666666,0.9465648854961832
wordnet:vehicle.n.01:2,0.4,0.9,13,25,0.2,0.5,0.8,0.16470588235294117,0.6666666666666666,0.9465648854961832
wordnet:vehicle.n.01:2,0.4,0.95,13,0,,0.0,,,0.0,0.8396946564885496
wordnet:vehicle.n.01:2,0.4,1.0,13,0,,0.0,,,0.0,0.8396946564885496
wordnet:vehicle.n.01:2,0.4,1.01,13,0,,0.0,,,0.0,0.8396946564885496
wordnet:vehicle.n.01:2,0.4,0.0,14,26,0.23076923076923078,0.6,0.7692307692307693,0.1875,0.96,0.9923664122137404
wordnet:vehicle.n.01:2,0.4,0.5,14,26,0.23076923076923078,0.6,0.7692307692307693,0.1875,0.96,0.9923664122137404
wordnet:vehicle.n.01:2,0.4,0.55,14,26,0.23076923076923078,0.6,0.7692307692307693,0.1875,0.96,0.9923664122137404
wordnet:vehicle.n.01:2,0.4,0.6,14,26,0.23076923076923078,0.6,0.7692307692307693,0.1875,0.96,0.9923664122137404
wordnet:vehicle.n.01:2,0.4,0.75,14,26,0.23076923076923078,0.6,0.7692307692307693,0.1875,0.96,0.9923664122137404
wordnet:vehicle.n.01:2,0.4,0.85,14,26,0.23076923076923078,0.6,0.7692307692307693,0.1875,0.96,0.9923664122137404
wordnet:vehicle.n.01:2,0.4,0.9,14,26,0.23076923076923078,0.6,0.7692307692307693,0.1875,0.96,0.9923664122137404
wordnet:vehicle.n.01:2,0.4,0.95,14,0,,0.0,,,0.0,0.8091603053435115
wordnet:vehicle.n.01:2,0.4,1.0,14,0,,0.0,,,0.0,0.8091603053435115
wordnet:vehicle.n.01:2,0.4,1.01,14,0,,0.0,,,0.0,0.8091603053435115
