dataset,arm,rho,seed,n_expected,removed,cov_corrupt,cov_repair,cov_single,edge_precision,single_fn,single_fp
synthetic,E-SO,0.0,0,20,0,1.0,1.0,1.0,,0,0
synthetic,E-SO,0.0,1,20,0,1.0,1.0,1.0,,0,0
synthetic,E-SO,0.0,2,20,0,1.0,1.0,1.0,,0,0
synthetic,E-SO,0.0,3,20,0,1.0,1.0,1.0,,0,0
synthetic,E-SO,0.0,4,20,0,1.0,1.0,1.0,,0,0
synthetic,E-SO,0.0,5,20,0,1.0,1.0,1.0,,0,0
synthetic,E-SO,0.0,6,20,0,1.0,1.0,1.0,,0,0
synthetic,E-SO,0.0,7,20,0,1.0,1.0,1.0,,0,0
synthetic,E-SO,0.0,8,20,0,1.0,1.0,1.0,,0,0
synthetic,E-SO,0.0,9,20,0,1.0,1.0,1.0,,0,0
synthetic,E-SO,0.0,10,20,0,1.0,1.0,1.0,,0,0
synthetic,E-SO,0.0,11,20,0,1.0,1.0,1.0,,0,0
synthetic,E-SO,0.0,12,20,0,1.0,1.0,1.0,,0,0
synthetic,E-SO,0.0,13,20,0,1.0,1.0,1.0,,0,0
synthetic,E-SO,0.0,14,20,0,1.0,1.0,1.0,,0,0
synthetic,E-SO,0.0,15,20,0,1.0,1.0,1.0,,0,0
synthetic,E-SO,0.0,16,20,0,1.0,1.0,1.0,,0,0
synthetic,E-SO,0.0,17,20,0,1.0,1.0,1.0,,0,0
synthetic,E-SO,0.0,18,20,0,1.0,1.0,1.0,,0,0
synthetic,E-SO,0.0,19,20,0,1.0,1.0,1.0,,0,0
synthetic,E-SO,0.1,0,20,1,0.8,1.0,0.8,1.0,0,0
synthetic,E-SO,0.1,1,20,1,0.95,1.0,0.95,1.0,0,0
synthetic,E-SO,0.1,2,20,1,0.95,1.0,0.95,1.0,0,0
synthetic,E-SO,0.1,3,20,1,0.85,1.0,0.85,1.0,0,0
synthetic,E-SO,0.1,4,20,1,0.9,1.0,0.9,1.0,0,0
synthetic,E-SO,0.1,5,20,1,0.9,1.0,0.9,1.0,0,0
synthetic,E-SO,0.1,6,20,1,0.95,1.0,0.95,1.0,0,0
synthetic,E-SO,0.1,7,20,1,0.95,1.0,0.95,1.0,0,0
synthetic,E-SO,0.1,8,20,1,0.85,1.0,0.85,1.0,0,0
synthetic,E-SO,0.1,9,20,1,0.95,1.0,0.95,1.0,0,0
synthetic,E-SO,0.1,10,20,1,0.9,1.0,0.9,1.0,0,0
synthetic,E-SO,0.1,11,20,1,0.95,1.0,0.95,1.0,0,0
synthetic,E-SO,0.1,12,20,1,0.95,1.0,0.95,1.0,0,0
synthetic,E-SO,0.1,13,20,1,0.95,1.0,0.95,1.0,0,0
synthetic,E-SO,0.1,14,20,1,0.9,1.0,0.9,1.0,0,0
synthetic,E-SO,0.1,15,20,1,0.95,1.0,0.95,1.0,0,0
synthetic,E-SO,0.1,16,20,1,0.85,1.0,0.85,1.0,0,0
synthetic,E-SO,0.1,17,20,1,0.8,1.0,0.8,1.0,0,0
synthetic,E-SO,0.1,18,20,1,0.9,1.0,0.9,1.0,0,0
synthetic,E-SO,0.1,19,20,1,0.95,1.0,0.95,1.0,0,0
synthetic,E-SO,0.2,0,20,2,0.75,1.0,0.75,1.0,0,0
synthetic,E-SO,0.2,1,20,2,0.75,1.0,0.75,1.0,0,0
synthetic,E-SO,0.2,2,20,2,0.75,1.0,0.75,1.0,0,0
synthetic,E-SO,0.2,3,20,2,0.85,1.0,0.85,1.0,0,0
synthetic,E-SO,0.2,4,20,2,0.75,1.0,0.75,1.0,0,0
synthetic,E-SO,0.2,5,20,2,0.85,1.0,0.85,1.0,0,0
synthetic,E-SO,0.2,6,20,2,0.85,1.0,0.85,1.0,0,0
synthetic,E-SO,0.2,7,20,2,0.8,1.0,0.8,1.0,0,0
synthetic,E-SO,0.2,8,20,2,0.85,1.0,0.85,1.0,0,0
synthetic,E-SO,0.2,9,20,2,0.75,1.0,0.75,1.0,0,0
synthetic,E-SO,0.2,10,20,2,0.8,1.0,0.8,1.0,0,0
synthetic,E-SO,0.2,11,20,2,0.75,1.0,0.75,1.0,0,0
synthetic,E-SO,0.2,12,20,2,0.75,1.0,0.75,1.0,0,0
synthetic,E-SO,0.2,13,20,2,0.9,1.0,0.9,1.0,0,0
synthetic,E-SO,0.2,14,20,2,0.85,1.0,0.85,1.0,0,0
synthetic,E-SO,0.2,15,20,2,0.8,1.0,0.8,1.0,0,0
synthetic,E-SO,0.2,16,20,2,0.75,1.0,0.75,1.0,0,0
synthetic,E-SO,0.2,17,20,2,0.75,1.0,0.75,1.0,0,0
synthetic,E-SO,0.2,18,20,2,0.85,1.0,0.85,1.0,0,0
synthetic,E-SO,0.2,19,20,2,0.85,1.0,0.85,1.0,0,0
synthetic,E-SO,0.3,0,20,2,0.8,1.0,0.8,1.0,0,0
synthetic,E-SO,0.3,1,20,2,0.8,1.0,0.8,1.0,0,0
synthetic,E-SO,0.3,2,20,2,0.85,1.0,0.85,1.0,0,0
synthetic,E-SO,0.3,3,20,2,0.75,1.0,0.75,1.0,0,0
synthetic,E-SO,0.3,4,20,2,0.85,1.0,0.85,1.0,0,0
synthetic,E-SO,0.3,5,20,2,0.75,1.0,0.75,1.0,0,0
synthetic,E-SO,0.3,6,20,2,0.85,1.0,0.85,1.0,0,0
synthetic,E-SO,0.3,7,20,2,0.7,1.0,0.7,1.0,0,0
synthetic,E-SO,0.3,8,20,2,0.85,1.0,0.85,1.0,0,0
synthetic,E-SO,0.3,9,20,2,0.7,1.0,0.7,1.0,0,0
synthetic,E-SO,0.3,10,20,2,0.9,1.0,0.9,1.0,0,0
synthetic,E-SO,0.3,11,20,2,0.75,1.0,0.75,1.0,0,0
synthetic,E-SO,0.3,12,20,2,0.75,1.0,0.75,1.0,0,0
synthetic,E-SO,0.3,13,20,2,0.75,1.0,0.75,1.0,0,0
synthetic,E-SO,0.3,14,20,2,0.8,1.0,0.8,1.0,0,0
synthetic,E-SO,0.3,15,20,2,0.85,1.0,0.85,1.0,0,0
synthetic,E-SO,0.3,16,20,2,0.9,1.0,0.9,1.0,0,0
synthetic,E-SO,0.3,17,20,2,0.8,1.0,0.8,1.0,0,0
synthetic,E-SO,0.3,18,20,2,0.9,1.0,0.9,1.0,0,0
synthetic,E-SO,0.3,19,20,2,0.85,1.0,0.85,1.0,0,0
synthetic,E-SO,0.5,0,20,4,0.6,1.0,0.6,1.0,0,0
synthetic,E-SO,0.5,1,20,4,0.7,1.0,0.7,1.0,0,0
synthetic,E-SO,0.5,2,20,4,0.65,1.0,0.65,1.0,0,0
synthetic,E-SO,0.5,3,20,4,0.7,1.0,0.7,1.0,0,0
synthetic,E-SO,0.5,4,20,4,0.65,1.0,0.65,1.0,0,0
synthetic,E-SO,0.5,5,20,4,0.65,1.0,0.65,1.0,0,0
synthetic,E-SO,0.5,6,20,4,0.6,1.0,0.6,1.0,0,0
synthetic,E-SO,0.5,7,20,4,0.6,1.0,0.6,1.0,0,0
synthetic,E-SO,0.5,8,20,4,0.55,1.0,0.55,1.0,0,0
synthetic,E-SO,0.5,9,20,4,0.7,1.0,0.7,1.0,0,0
synthetic,E-SO,0.5,10,20,4,0.6,1.0,0.6,1.0,0,0
synthetic,E-SO,0.5,11,20,4,0.7,1.0,0.7,1.0,0,0
synthetic,E-SO,0.5,12,20,4,0.6,1.0,0.6,1.0,0,0
synthetic,E-SO,0.5,13,20,4,0.65,1.0,0.65,1.0,0,0
synthetic,E-SO,0.5,14,20,4,0.55,1.0,0.55,1.0,0,0
synthetic,E-SO,0.5,15,20,4,0.6,1.0,0.6,1.0,0,0
synthetic,E-SO,0.5,16,20,4,0.6,1.0,0.6,1.0,0,0
synthetic,E-SO,0.5,17,20,4,0.6,1.0,0.6,1.0,0,0
synthetic,E-SO,0.5,18,20,4,0.55,1.0,0.55,1.0,0,0
synthetic,E-SO,0.5,19,20,4,0.65,1.0,0.65,1.0,0,0
synthetic,E-SO,0.7,0,20,6,0.5,1.0,0.5,1.0,0,0
synthetic,E-SO,0.7,1,20,6,0.55,1.0,0.55,1.0,0,0
synthetic,E-SO,0.7,2,20,6,0.55,1.0,0.55,1.0,0,0
synthetic,E-SO,0.7,3,20,6,0.5,1.0,0.5,1.0,0,0
synthetic,E-SO,0.7,4,20,6,0.5,1.0,0.5,1.0,0,0
synthetic,E-SO,0.7,5,20,6,0.5,1.0,0.5,1.0,0,0
synthetic,E-SO,0.7,6,20,6,0.45,1.0,0.45,1.0,0,0
synthetic,E-SO,0.7,7,20,6,0.5,1.0,0.5,1.0,0,0
synthetic,E-SO,0.7,8,20,6,0.5,1.0,0.5,1.0,0,0
synthetic,E-SO,0.7,9,20,6,0.55,1.0,0.55,1.0,0,0
synthetic,E-SO,0.7,10,20,6,0.45,1.0,0.45,1.0,0,0
synthetic,E-SO,0.7,11,20,6,0.55,1.0,0.55,1.0,0,0
synthetic,E-SO,0.7,12,20,6,0.5,1.0,0.5,1.0,0,0
synthetic,E-SO,0.7,13,20,6,0.55,1.0,0.55,1.0,0,0
synthetic,E-SO,0.7,14,20,6,0.55,1.0,0.55,1.0,0,0
synthetic,E-SO,0.7,15,20,6,0.5,1.0,0.5,1.0,0,0
synthetic,E-SO,0.7,16,20,6,0.5,1.0,0.5,1.0,0,0
synthetic,E-SO,0.7,17,20,6,0.5,1.0,0.5,1.0,0,0
synthetic,E-SO,0.7,18,20,6,0.5,1.0,0.5,1.0,0,0
synthetic,E-SO,0.7,19,20,6,0.45,1.0,0.45,1.0,0,0
synthetic,E-SO,0.9,0,20,7,0.45,1.0,0.45,1.0,0,0
synthetic,E-SO,0.9,1,20,7,0.45,1.0,0.45,1.0,0,0
synthetic,E-SO,0.9,2,20,7,0.45,1.0,0.45,1.0,0,0
synthetic,E-SO,0.9,3,20,7,0.45,1.0,0.45,1.0,0,0
synthetic,E-SO,0.9,4,20,7,0.5,1.0,0.5,1.0,0,0
synthetic,E-SO,0.9,5,20,7,0.45,1.0,0.45,1.0,0,0
synthetic,E-SO,0.9,6,20,7,0.4,1.0,0.4,1.0,0,0
synthetic,E-SO,0.9,7,20,7,0.45,1.0,0.45,1.0,0,0
synthetic,E-SO,0.9,8,20,7,0.45,1.0,0.45,1.0,0,0
synthetic,E-SO,0.9,9,20,7,0.45,1.0,0.45,1.0,0,0
synthetic,E-SO,0.9,10,20,7,0.45,1.0,0.45,1.0,0,0
synthetic,E-SO,0.9,11,20,7,0.45,1.0,0.45,1.0,0,0
synthetic,E-SO,0.9,12,20,7,0.5,1.0,0.5,1.0,0,0
synthetic,E-SO,0.9,13,20,7,0.45,1.0,0.45,1.0,0,0
synthetic,E-SO,0.9,14,20,7,0.45,1.0,0.45,1.0,0,0
synthetic,E-SO,0.9,15,20,7,0.45,1.0,0.45,1.0,0,0
synthetic,E-SO,0.9,16,20,7,0.45,1.0,0.45,1.0,0,0
synthetic,E-SO,0.9,17,20,7,0.5,1.0,0.5,1.0,0,0
synthetic,E-SO,0.9,18,20,7,0.45,1.0,0.45,1.0,0,0
synthetic,E-SO,0.9,19,20,7,0.5,1.0,0.5,1.0,0,0
synthetic,E-HE,0.0,0,20,0,1.0,1.0,1.0,,0,0
synthetic,E-HE,0.0,1,20,0,1.0,1.0,1.0,,0,0
synthetic,E-HE,0.0,2,20,0,1.0,1.0,1.0,,0,0
synthetic,E-HE,0.0,3,20,0,1.0,1.0,1.0,,0,0
synthetic,E-HE,0.0,4,20,0,1.0,1.0,1.0,,0,0
synthetic,E-HE,0.0,5,20,0,1.0,1.0,1.0,,0,0
synthetic,E-HE,0.0,6,20,0,1.0,1.0,1.0,,0,0
synthetic,E-HE,0.0,7,20,0,1.0,1.0,1.0,,0,0
synthetic,E-HE,0.0,8,20,0,1.0,1.0,1.0,,0,0
synthetic,E-HE,0.0,9,20,0,1.0,1.0,1.0,,0,0
synthetic,E-HE,0.0,10,20,0,1.0,1.0,1.0,,0,0
synthetic,E-HE,0.0,11,20,0,1.0,1.0,1.0,,0,0
synthetic,E-HE,0.0,12,20,0,1.0,1.0,1.0,,0,0
synthetic,E-HE,0.0,13,20,0,1.0,1.0,1.0,,0,0
synthetic,E-HE,0.0,14,20,0,1.0,1.0,1.0,,0,0
synthetic,E-HE,0.0,15,20,0,1.0,1.0,1.0,,0,0
synthetic,E-HE,0.0,16,20,0,1.0,1.0,1.0,,0,0
synthetic,E-HE,0.0,17,20,0,1.0,1.0,1.0,,0,0
synthetic,E-HE,0.0,18,20,0,1.0,1.0,1.0,,0,0
synthetic,E-HE,0.0,19,20,0,1.0,1.0,1.0,,0,0
synthetic,E-HE,0.1,0,20,1,0.85,0.85,0.85,,0,0
synthetic,E-HE,0.1,1,20,1,0.9,0.9,0.9,,0,0
synthetic,E-HE,0.1,2,20,1,0.85,0.85,0.85,,0,0
synthetic,E-HE,0.1,3,20,1,0.9,0.9,0.9,,0,0
synthetic,E-HE,0.1,4,20,1,0.9,0.9,0.9,,0,0
synthetic,E-HE,0.1,5,20,1,0.9,0.9,0.9,,0,0
synthetic,E-HE,0.1,6,20,1,0.85,0.85,0.85,,0,0
synthetic,E-HE,0.1,7,20,1,0.9,0.9,0.9,,0,0
synthetic,E-HE,0.1,8,20,1,0.85,0.85,0.85,,0,0
synthetic,E-HE,0.1,9,20,1,0.85,0.85,0.85,,0,0
synthetic,E-HE,0.1,10,20,1,0.9,0.9,0.9,,0,0
synthetic,E-HE,0.1,11,20,1,0.9,0.9,0.9,,0,0
synthetic,E-HE,0.1,12,20,1,0.85,0.85,0.85,,0,0
synthetic,E-HE,0.1,13,20,1,0.85,0.85,0.85,,0,0
synthetic,E-HE,0.1,14,20,1,0.85,0.85,0.85,,0,0
synthetic,E-HE,0.1,15,20,1,0.85,0.85,0.85,,0,0
synthetic,E-HE,0.1,16,20,1,0.9,0.9,0.9,,0,0
synthetic,E-HE,0.1,17,20,1,0.85,0.85,0.85,,0,0
synthetic,E-HE,0.1,18,20,1,0.9,0.9,0.9,,0,0
synthetic,E-HE,0.1,19,20,1,0.9,0.9,0.9,,0,0
synthetic,E-HE,0.2,0,20,2,0.75,0.75,0.75,,0,0
synthetic,E-HE,0.2,1,20,2,0.75,0.75,0.75,,0,0
synthetic,E-HE,0.2,2,20,2,0.75,0.75,0.75,,0,0
synthetic,E-HE,0.2,3,20,2,0.75,0.75,0.75,,0,0
synthetic,E-HE,0.2,4,20,2,0.75,0.75,0.75,,0,0
synthetic,E-HE,0.2,5,20,2,0.75,0.75,0.75,,0,0
synthetic,E-HE,0.2,6,20,2,0.75,0.75,0.75,,0,0
synthetic,E-HE,0.2,7,20,2,0.8,0.8,0.8,,0,0
synthetic,E-HE,0.2,8,20,2,0.8,0.8,0.8,,0,0
synthetic,E-HE,0.2,9,20,2,0.75,0.75,0.75,,0,0
synthetic,E-HE,0.2,10,20,2,0.75,0.75,0.75,,0,0
synthetic,E-HE,0.2,11,20,2,0.8,0.8,0.8,,0,0
synthetic,E-HE,0.2,12,20,2,0.7,0.7,0.7,,0,0
synthetic,E-HE,0.2,13,20,2,0.75,0.75,0.75,,0,0
synthetic,E-HE,0.2,14,20,2,0.8,0.8,0.8,,0,0
synthetic,E-HE,0.2,15,20,2,0.8,0.8,0.8,,0,0
synthetic,E-HE,0.2,16,20,2,0.75,0.75,0.75,,0,0
synthetic,E-HE,0.2,17,20,2,0.8,0.8,0.8,,0,0
synthetic,E-HE,0.2,18,20,2,0.8,0.8,0.8,,0,0
synthetic,E-HE,0.2,19,20,2,0.75,0.75,0.75,,0,0
synthetic,E-HE,0.3,0,20,2,0.8,0.8,0.8,,0,0
synthetic,E-HE,0.3,1,20,2,0.8,0.8,0.8,,0,0
synthetic,E-HE,0.3,2,20,2,0.75,0.75,0.75,,0,0
synthetic,E-HE,0.3,3,20,2,0.7,0.7,0.7,,0,0
synthetic,E-HE,0.3,4,20,2,0.8,0.8,0.8,,0,0
synthetic,E-HE,0.3,5,20,2,0.7,0.7,0.7,,0,0
synthetic,E-HE,0.3,6,20,2,0.75,0.75,0.75,,0,0
synthetic,E-HE,0.3,7,20,2,0.7,0.7,0.7,,0,0
synthetic,E-HE,0.3,8,20,2,0.7,0.7,0.7,,0,0
synthetic,E-HE,0.3,9,20,2,0.8,0.8,0.8,,0,0
synthetic,E-HE,0.3,10,20,2,0.7,0.7,0.7,,0,0
synthetic,E-HE,0.3,11,20,2,0.75,0.75,0.75,,0,0
synthetic,E-HE,0.3,12,20,2,0.8,0.8,0.8,,0,0
synthetic,E-HE,0.3,13,20,2,0.75,0.75,0.75,,0,0
synthetic,E-HE,0.3,14,20,2,0.8,0.8,0.8,,0,0
synthetic,E-HE,0.3,15,20,2,0.7,0.7,0.7,,0,0
synthetic,E-HE,0.3,16,20,2,0.75,0.75,0.75,,0,0
synthetic,E-HE,0.3,17,20,2,0.75,0.75,0.75,,0,0
synthetic,E-HE,0.3,18,20,2,0.75,0.75,0.75,,0,0
synthetic,E-HE,0.3,19,20,2,0.7,0.7,0.7,,0,0
synthetic,E-HE,0.5,0,20,4,0.5,0.5,0.5,,0,0
synthetic,E-HE,0.5,1,20,4,0.5,0.5,0.5,,0,0
synthetic,E-HE,0.5,2,20,4,0.5,0.5,0.5,,0,0
synthetic,E-HE,0.5,3,20,4,0.5,0.5,0.5,,0,0
synthetic,E-HE,0.5,4,20,4,0.5,0.5,0.5,,0,0
synthetic,E-HE,0.5,5,20,4,0.55,0.55,0.55,,0,0
synthetic,E-HE,0.5,6,20,4,0.45,0.45,0.45,,0,0
synthetic,E-HE,0.5,7,20,4,0.45,0.45,0.45,,0,0
synthetic,E-HE,0.5,8,20,4,0.45,0.45,0.45,,0,0
synthetic,E-HE,0.5,9,20,4,0.5,0.5,0.5,,0,0
synthetic,E-HE,0.5,10,20,4,0.5,0.5,0.5,,0,0
synthetic,E-HE,0.5,11,20,4,0.5,0.5,0.5,,0,0
synthetic,E-HE,0.5,12,20,4,0.5,0.5,0.5,,0,0
synthetic,E-HE,0.5,13,20,4,0.55,0.55,0.55,,0,0
synthetic,E-HE,0.5,14,20,4,0.5,0.5,0.5,,0,0
synthetic,E-HE,0.5,15,20,4,0.55,0.55,0.55,,0,0
synthetic,E-HE,0.5,16,20,4,0.55,0.55,0.55,,0,0
synthetic,E-HE,0.5,17,20,4,0.5,0.5,0.5,,0,0
synthetic,E-HE,0.5,18,20,4,0.45,0.45,0.45,,0,0
synthetic,E-HE,0.5,19,20,4,0.5,0.5,0.5,,0,0
synthetic,E-HE,0.7,0,20,6,0.2,0.2,0.2,,0,0
synthetic,E-HE,0.7,1,20,6,0.2,0.2,0.2,,0,0
synthetic,E-HE,0.7,2,20,6,0.25,0.25,0.25,,0,0
synthetic,E-HE,0.7,3,20,6,0.3,0.3,0.3,,0,0
synthetic,E-HE,0.7,4,20,6,0.25,0.25,0.25,,0,0
synthetic,E-HE,0.7,5,20,6,0.25,0.25,0.25,,0,0
synthetic,E-HE,0.7,6,20,6,0.25,0.25,0.25,,0,0
synthetic,E-HE,0.7,7,20,6,0.3,0.3,0.3,,0,0
synthetic,E-HE,0.7,8,20,6,0.2,0.2,0.2,,0,0
synthetic,E-HE,0.7,9,20,6,0.25,0.25,0.25,,0,0
synthetic,E-HE,0.7,10,20,6,0.2,0.2,0.2,,0,0
synthetic,E-HE,0.7,11,20,6,0.25,0.25,0.25,,0,0
synthetic,E-HE,0.7,12,20,6,0.25,0.25,0.25,,0,0
synthetic,E-HE,0.7,13,20,6,0.3,0.3,0.3,,0,0
synthetic,E-HE,0.7,14,20,6,0.25,0.25,0.25,,0,0
synthetic,E-HE,0.7,15,20,6,0.2,0.2,0.2,,0,0
synthetic,E-HE,0.7,16,20,6,0.3,0.3,0.3,,0,0
synthetic,E-HE,0.7,17,20,6,0.25,0.25,0.25,,0,0
synthetic,E-HE,0.7,18,20,6,0.25,0.25,0.25,,0,0
synthetic,E-HE,0.7,19,20,6,0.25,0.25,0.25,,0,0
synthetic,E-HE,0.9,0,20,7,0.1,0.1,0.1,,0,0
synthetic,E-HE,0.9,1,20,7,0.15,0.15,0.15,,0,0
synthetic,E-HE,0.9,2,20,7,0.1,0.1,0.1,,0,0
synthetic,E-HE,0.9,3,20,7,0.15,0.15,0.15,,0,0
synthetic,E-HE,0.9,4,20,7,0.15,0.15,0.15,,0,0
synthetic,E-HE,0.9,5,20,7,0.1,0.1,0.1,,0,0
synthetic,E-HE,0.9,6,20,7,0.1,0.1,0.1,,0,0
synthetic,E-HE,0.9,7,20,7,0.1,0.1,0.1,,0,0
synthetic,E-HE,0.9,8,20,7,0.15,0.15,0.15,,0,0
synthetic,E-HE,0.9,9,20,7,0.1,0.1,0.1,,0,0
synthetic,E-HE,0.9,10,20,7,0.15,0.15,0.15,,0,0
synthetic,E-HE,0.9,11,20,7,0.1,0.1,0.1,,0,0
synthetic,E-HE,0.9,12,20,7,0.15,0.15,0.15,,0,0
synthetic,E-HE,0.9,13,20,7,0.1,0.1,0.1,,0,0
synthetic,E-HE,0.9,14,20,7,0.15,0.15,0.15,,0,0
synthetic,E-HE,0.9,15,20,7,0.1,0.1,0.1,,0,0
synthetic,E-HE,0.9,16,20,7,0.15,0.15,0.15,,0,0
synthetic,E-HE,0.9,17,20,7,0.1,0.1,0.1,,0,0
synthetic,E-HE,0.9,18,20,7,0.15,0.15,0.15,,0,0
synthetic,E-HE,0.9,19,20,7,0.1,0.1,0.1,,0,0
synthetic,E-HX,0.0,0,20,0,1.0,1.0,1.0,,0,0
synthetic,E-HX,0.0,1,20,0,1.0,1.0,1.0,,0,0
synthetic,E-HX,0.0,2,20,0,1.0,1.0,1.0,,0,0
synthetic,E-HX,0.0,3,20,0,1.0,1.0,1.0,,0,0
synthetic,E-HX,0.0,4,20,0,1.0,1.0,1.0,,0,0
synthetic,E-HX,0.0,5,20,0,1.0,1.0,1.0,,0,0
synthetic,E-HX,0.0,6,20,0,1.0,1.0,1.0,,0,0
synthetic,E-HX,0.0,7,20,0,1.0,1.0,1.0,,0,0
synthetic,E-HX,0.0,8,20,0,1.0,1.0,1.0,,0,0
synthetic,E-HX,0.0,9,20,0,1.0,1.0,1.0,,0,0
synthetic,E-HX,0.0,10,20,0,1.0,1.0,1.0,,0,0
synthetic,E-HX,0.0,11,20,0,1.0,1.0,1.0,,0,0
synthetic,E-HX,0.0,12,20,0,1.0,1.0,1.0,,0,0
synthetic,E-HX,0.0,13,20,0,1.0,1.0,1.0,,0,0
synthetic,E-HX,0.0,14,20,0,1.0,1.0,1.0,,0,0
synthetic,E-HX,0.0,15,20,0,1.0,1.0,1.0,,0,0
synthetic,E-HX,0.0,16,20,0,1.0,1.0,1.0,,0,0
synthetic,E-HX,0.0,17,20,0,1.0,1.0,1.0,,0,0
synthetic,E-HX,0.0,18,20,0,1.0,1.0,1.0,,0,0
synthetic,E-HX,0.0,19,20,0,1.0,1.0,1.0,,0,0
synthetic,E-HX,0.1,0,20,1,0.95,1.0,1.0,1.0,1,0
synthetic,E-HX,0.1,1,20,1,0.9,1.0,1.0,1.0,2,0
synthetic,E-HX,0.1,2,20,1,0.95,1.0,1.0,1.0,1,0
synthetic,E-HX,0.1,3,20,1,0.95,1.0,1.0,1.0,1,0
synthetic,E-HX,0.1,4,20,1,0.85,1.0,1.0,1.0,3,0
synthetic,E-HX,0.1,5,20,1,0.95,1.0,1.0,1.0,1,0
synthetic,E-HX,0.1,6,20,1,0.95,1.0,1.0,1.0,1,0
synthetic,E-HX,0.1,7,20,1,0.95,1.0,1.0,1.0,1,0
synthetic,E-HX,0.1,8,20,1,0.95,1.0,1.0,1.0,1,0
synthetic,E-HX,0.1,9,20,1,0.95,1.0,1.0,1.0,1,0
synthetic,E-HX,0.1,10,20,1,0.9,1.0,1.0,1.0,2,0
synthetic,E-HX,0.1,11,20,1,0.75,1.0,1.0,1.0,5,0
synthetic,E-HX,0.1,12,20,1,0.95,1.0,1.0,1.0,1,0
synthetic,E-HX,0.1,13,20,1,0.85,1.0,1.0,1.0,3,0
synthetic,E-HX,0.1,14,20,1,0.9,1.0,1.0,1.0,2,0
synthetic,E-HX,0.1,15,20,1,0.95,1.0,1.0,1.0,1,0
synthetic,E-HX,0.1,16,20,1,0.9,1.0,1.0,1.0,2,0
synthetic,E-HX,0.1,17,20,1,0.9,1.0,1.0,1.0,2,0
synthetic,E-HX,0.1,18,20,1,0.85,1.0,1.0,1.0,3,0
synthetic,E-HX,0.1,19,20,1,0.9,1.0,1.0,1.0,2,0
synthetic,E-HX,0.2,0,20,2,0.8,1.0,1.0,1.0,4,0
synthetic,E-HX,0.2,1,20,2,0.8,1.0,1.0,1.0,4,0
synthetic,E-HX,0.2,2,20,2,0.85,1.0,1.0,1.0,3,0
synthetic,E-HX,0.2,3,20,2,0.7,1.0,1.0,1.0,6,0
synthetic,E-HX,0.2,4,20,2,0.9,1.0,1.0,1.0,2,0
synthetic,E-HX,0.2,5,20,2,0.85,1.0,1.0,1.0,3,0
synthetic,E-HX,0.2,6,20,2,0.65,1.0,1.0,1.0,7,0
synthetic,E-HX,0.2,7,20,2,0.85,1.0,1.0,1.0,3,0
synthetic,E-HX,0.2,8,20,2,0.8,1.0,1.0,1.0,4,0
synthetic,E-HX,0.2,9,20,2,0.85,1.0,1.0,1.0,3,0
synthetic,E-HX,0.2,10,20,2,0.9,1.0,1.0,1.0,2,0
synthetic,E-HX,0.2,11,20,2,0.8,1.0,1.0,1.0,4,0
synthetic,E-HX,0.2,12,20,2,0.9,1.0,1.0,1.0,2,0
synthetic,E-HX,0.2,13,20,2,0.8,1.0,1.0,1.0,4,0
synthetic,E-HX,0.2,14,20,2,0.8,1.0,1.0,1.0,4,0
synthetic,E-HX,0.2,15,20,2,0.75,1.0,1.0,1.0,5,0
synthetic,E-HX,0.2,16,20,2,0.9,1.0,1.0,1.0,2,0
synthetic,E-HX,0.2,17,20,2,0.8,1.0,1.0,1.0,4,0
synthetic,E-HX,0.2,18,20,2,0.8,1.0,1.0,1.0,4,0
synthetic,E-HX,0.2,19,20,2,0.8,1.0,1.0,1.0,4,0
synthetic,E-HX,0.3,0,20,3,0.6,1.0,1.0,1.0,8,0
synthetic,E-HX,0.3,1,20,3,0.65,1.0,1.0,1.0,7,0
synthetic,E-HX,0.3,2,20,3,0.75,1.0,1.0,1.0,5,0
synthetic,E-HX,0.3,3,20,3,0.7,1.0,1.0,1.0,6,0
synthetic,E-HX,0.3,4,20,3,0.75,1.0,1.0,1.0,5,0
synthetic,E-HX,0.3,5,20,3,0.8,1.0,1.0,1.0,4,0
synthetic,E-HX,0.3,6,20,3,0.85,1.0,1.0,1.0,3,0
synthetic,E-HX,0.3,7,20,3,0.8,1.0,1.0,1.0,4,0
synthetic,E-HX,0.3,8,20,3,0.8,1.0,1.0,1.0,4,0
synthetic,E-HX,0.3,9,20,3,0.6,1.0,1.0,1.0,8,0
synthetic,E-HX,0.3,10,20,3,0.5,1.0,1.0,1.0,10,0
synthetic,E-HX,0.3,11,20,3,0.65,1.0,1.0,1.0,7,0
synthetic,E-HX,0.3,12,20,3,0.55,1.0,1.0,1.0,9,0
synthetic,E-HX,0.3,13,20,3,0.7,1.0,1.0,1.0,6,0
synthetic,E-HX,0.3,14,20,3,0.75,1.0,1.0,1.0,5,0
synthetic,E-HX,0.3,15,20,3,0.85,1.0,1.0,1.0,3,0
synthetic,E-HX,0.3,16,20,3,0.75,1.0,1.0,1.0,5,0
synthetic,E-HX,0.3,17,20,3,0.85,1.0,1.0,1.0,3,0
synthetic,E-HX,0.3,18,20,3,0.85,1.0,1.0,1.0,3,0
synthetic,E-HX,0.3,19,20,3,0.55,1.0,1.0,1.0,9,0
synthetic,E-HX,0.5,0,20,5,0.6,1.0,1.0,1.0,8,0
synthetic,E-HX,0.5,1,20,5,0.6,1.0,1.0,1.0,8,0
synthetic,E-HX,0.5,2,20,5,0.55,1.0,1.0,1.0,9,0
synthetic,E-HX,0.5,3,20,5,0.45,1.0,1.0,1.0,11,0
synthetic,E-HX,0.5,4,20,5,0.35,1.0,1.0,1.0,13,0
synthetic,E-HX,0.5,5,20,5,0.6,1.0,1.0,1.0,8,0
synthetic,E-HX,0.5,6,20,5,0.4,1.0,1.0,1.0,12,0
synthetic,E-HX,0.5,7,20,5,0.4,1.0,1.0,1.0,12,0
synthetic,E-HX,0.5,8,20,5,0.45,1.0,1.0,1.0,11,0
synthetic,E-HX,0.5,9,20,5,0.35,1.0,1.0,1.0,13,0
synthetic,E-HX,0.5,10,20,5,0.65,1.0,1.0,1.0,7,0
synthetic,E-HX,0.5,11,20,5,0.5,1.0,1.0,1.0,10,0
synthetic,E-HX,0.5,12,20,5,0.3,1.0,1.0,1.0,14,0
synthetic,E-HX,0.5,13,20,5,0.5,1.0,1.0,1.0,10,0
synthetic,E-HX,0.5,14,20,5,0.55,1.0,1.0,1.0,9,0
synthetic,E-HX,0.5,15,20,5,0.35,1.0,1.0,1.0,13,0
synthetic,E-HX,0.5,16,20,5,0.35,1.0,1.0,1.0,13,0
synthetic,E-HX,0.5,17,20,5,0.35,1.0,1.0,1.0,13,0
synthetic,E-HX,0.5,18,20,5,0.6,1.0,1.0,1.0,8,0
synthetic,E-HX,0.5,19,20,5,0.4,1.0,1.0,1.0,12,0
synthetic,E-HX,0.7,0,20,7,0.4,1.0,1.0,1.0,12,0
synthetic,E-HX,0.7,1,20,7,0.2,1.0,1.0,1.0,16,0
synthetic,E-HX,0.7,2,20,7,0.3,1.0,1.0,1.0,14,0
synthetic,E-HX,0.7,3,20,7,0.15,1.0,1.0,1.0,17,0
synthetic,E-HX,0.7,4,20,7,0.3,1.0,1.0,1.0,14,0
synthetic,E-HX,0.7,5,20,7,0.3,1.0,1.0,1.0,14,0
synthetic,E-HX,0.7,6,20,7,0.3,1.0,1.0,1.0,14,0
synthetic,E-HX,0.7,7,20,7,0.25,1.0,1.0,1.0,15,0
synthetic,E-HX,0.7,8,20,7,0.3,1.0,1.0,1.0,14,0
synthetic,E-HX,0.7,9,20,7,0.25,1.0,1.0,1.0,15,0
synthetic,E-HX,0.7,10,20,7,0.25,1.0,1.0,1.0,15,0
synthetic,E-HX,0.7,11,20,7,0.35,1.0,1.0,1.0,13,0
synthetic,E-HX,0.7,12,20,7,0.2,1.0,1.0,1.0,16,0
synthetic,E-HX,0.7,13,20,7,0.3,1.0,1.0,1.0,14,0
synthetic,E-HX,0.7,14,20,7,0.35,1.0,1.0,1.0,13,0
synthetic,E-HX,0.7,15,20,7,0.3,1.0,1.0,1.0,14,0
synthetic,E-HX,0.7,16,20,7,0.45,1.0,1.0,1.0,11,0
synthetic,E-HX,0.7,17,20,7,0.4,1.0,1.0,1.0,12,0
synthetic,E-HX,0.7,18,20,7,0.25,1.0,1.0,1.0,15,0
synthetic,E-HX,0.7,19,20,7,0.2,1.0,1.0,1.0,16,0
synthetic,E-HX,0.9,0,20,9,0.25,1.0,1.0,1.0,15,0
synthetic,E-HX,0.9,1,20,9,0.05,1.0,1.0,1.0,19,0
synthetic,E-HX,0.9,2,20,9,0.15,1.0,1.0,1.0,17,0
synthetic,E-HX,0.9,3,20,9,0.05,1.0,1.0,1.0,19,0
synthetic,E-HX,0.9,4,20,9,0.05,1.0,1.0,1.0,19,0
synthetic,E-HX,0.9,5,20,9,0.05,1.0,1.0,1.0,19,0
synthetic,E-HX,0.9,6,20,9,0.1,1.0,1.0,1.0,18,0
synthetic,E-HX,0.9,7,20,9,0.15,1.0,1.0,1.0,17,0
synthetic,E-HX,0.9,8,20,9,0.15,1.0,1.0,1.0,17,0
synthetic,E-HX,0.9,9,20,9,0.05,1.0,1.0,1.0,19,0
synthetic,E-HX,0.9,10,20,9,0.05,1.0,1.0,1.0,19,0
synthetic,E-HX,0.9,11,20,9,0.15,1.0,1.0,1.0,17,0
synthetic,E-HX,0.9,12,20,9,0.25,1.0,1.0,1.0,15,0
synthetic,E-HX,0.9,13,20,9,0.1,1.0,1.0,1.0,18,0
synthetic,E-HX,0.9,14,20,9,0.1,1.0,1.0,1.0,18,0
synthetic,E-HX,0.9,15,20,9,0.05,1.0,1.0,1.0,19,0
synthetic,E-HX,0.9,16,20,9,0.05,1.0,1.0,1.0,19,0
synthetic,E-HX,0.9,17,20,9,0.05,1.0,1.0,1.0,19,0
synthetic,E-HX,0.9,18,20,9,0.05,1.0,1.0,1.0,19,0
synthetic,E-HX,0.9,19,20,9,0.15,1.0,1.0,1.0,17,0
wordnet:vehicle.n.01:2,E-SO,0.0,0,131,0,1.0,1.0,1.0,,0,0
wordnet:vehicle.n.01:2,E-SO,0.0,1,131,0,1.0,1.0,1.0,,0,0
wordnet:vehicle.n.01:2,E-SO,0.0,2,131,0,1.0,1.0,1.0,,0,0
wordnet:vehicle.n.01:2,E-SO,0.0,3,131,0,1.0,1.0,1.0,,0,0
wordnet:vehicle.n.01:2,E-SO,0.0,4,131,0,1.0,1.0,1.0,,0,0
wordnet:vehicle.n.01:2,E-SO,0.0,5,131,0,1.0,1.0,1.0,,0,0
wordnet:vehicle.n.01:2,E-SO,0.0,6,131,0,1.0,1.0,1.0,,0,0
wordnet:vehicle.n.01:2,E-SO,0.0,7,131,0,1.0,1.0,1.0,,0,0
wordnet:vehicle.n.01:2,E-SO,0.0,8,131,0,1.0,1.0,1.0,,0,0
wordnet:vehicle.n.01:2,E-SO,0.0,9,131,0,1.0,1.0,1.0,,0,0
wordnet:vehicle.n.01:2,E-SO,0.0,10,131,0,1.0,1.0,1.0,,0,0
wordnet:vehicle.n.01:2,E-SO,0.0,11,131,0,1.0,1.0,1.0,,0,0
wordnet:vehicle.n.01:2,E-SO,0.0,12,131,0,1.0,1.0,1.0,,0,0
wordnet:vehicle.n.01:2,E-SO,0.0,13,131,0,1.0,1.0,1.0,,0,0
wordnet:vehicle.n.01:2,E-SO,0.0,14,131,0,1.0,1.0,1.0,,0,0
wordnet:vehicle.n.01:2,E-SO,0.0,15,131,0,1.0,1.0,1.0,,0,0
wordnet:vehicle.n.01:2,E-SO,0.0,16,131,0,1.0,1.0,1.0,,0,0
wordnet:vehicle.n.01:2,E-SO,0.0,17,131,0,1.0,1.0,1.0,,0,0
wordnet:vehicle.n.01:2,E-SO,0.0,18,131,0,1.0,1.0,1.0,,0,0
wordnet:vehicle.n.01:2,E-SO,0.0,19,131,0,1.0,1.0,1.0,,0,0
wordnet:vehicle.n.01:2,E-SO,0.1,0,131,5,0.916030534351145,1.0,0.916030534351145,1.0,0,0
wordnet:vehicle.n.01:2,E-SO,0.1,1,131,5,0.9007633587786259,1.0,0.9007633587786259,1.0,0,0
wordnet:vehicle.n.01:2,E-SO,0.1,2,131,5,0.9236641221374046,1.0,0.9236641221374046,1.0,0,0
wordnet:vehicle.n.01:2,E-SO,0.1,3,131,5,0.9312977099236641,1.0,0.9312977099236641,1.0,0,0
wordnet:vehicle.n.01:2,E-SO,0.1,4,131,5,0.9465648854961832,1.0,0.9465648854961832,1.0,0,0
wordnet:vehicle.n.01:2,E-SO,0.1,5,131,5,0.8473282442748091,1.0,0.8473282442748091,1.0,0,0
wordnet:vehicle.n.01:2,E-SO,0.1,6,131,5,0.8702290076335878,1.0,0.8702290076335878,1.0,0,0
wordnet:vehicle.n.01:2,E-SO,0.1,7,131,5,0.9389312977099237,1.0,0.9389312977099237,1.0,0,0
wordnet:vehicle.n.01:2,E-SO,0.1,8,131,5,0.9389312977099237,1.0,0.9389312977099237,1.0,0,0
wordnet:vehicle.n.01:2,E-SO,0.1,9,131,5,0.9236641221374046,1.0,0.9236641221374046,1.0,0,0
wordnet:vehicle.n.01:2,E-SO,0.1,10,131,5,0.9007633587786259,1.0,0.9007633587786259,1.0,0,0
wordnet:vehicle.n.01:2,E-SO,0.1,11,131,5,0.9312977099236641,1.0,0.9312977099236641,1.0,0,0
wordnet:vehicle.n.01:2,E-SO,0.1,12,131,5,0.9465648854961832,1.0,0.9465648854961832,1.0,0,0
wordnet:vehicle.n.01:2,E-SO,0.1,13,131,5,0.8625954198473282,1.0,0.8625954198473282,1.0,0,0
wordnet:vehicle.n.01:2,E-SO,0.1,14,131,5,0.9236641221374046,1.0,0.9236641221374046,1.0,0,0
wordnet:vehicle.n.01:2,E-SO,0.1,15,131,5,0.9389312977099237,1.0,0.9389312977099237,1.0,0,0
wordnet:vehicle.n.01:2,E-SO,0.1,16,131,5,0.9389312977099237,1.0,0.9389312977099237,1.0,0,0
wordnet:vehicle.n.01:2,E-SO,0.1,17,131,5,0.9236641221374046,1.0,0.9236641221374046,1.0,0,0
wordnet:vehicle.n.01:2,E-SO,0.1,18,131,5,0.9389312977099237,1.0,0.9389312977099237,1.0,0,0
wordnet:vehicle.n.01:2,E-SO,0.1,19,131,5,0.9236641221374046,1.0,0.9236641221374046,1.0,0,0
wordnet:vehicle.n.01:2,E-SO,0.2,0,131,10,0.816793893129771,1.0,0.816793893129771,1.0,0,0
wordnet:vehicle.n.01:2,E-SO,0.2,1,131,10,0.8091603053435115,1.0,0.8091603053435115,1.0,0,0
wordnet:vehicle.n.01:2,E-SO,0.2,2,131,10,0.8320610687022901,1.0,0.8320610687022901,1.0,0,0
wordnet:vehicle.n.01:2,E-SO,0.2,3,131,10,0.8015267175572519,1.0,0.8015267175572519,1.0,0,0
wordnet:vehicle.n.01:2,E-SO,0.2,4,131,10,0.8473282442748091,1.0,0.8473282442748091,1.0,0,0
wordnet:vehicle.n.01:2,E-SO,0.2,5,131,10,0.8320610687022901,1.0,0.8320610687022901,1.0,0,0
wordnet:vehicle.n.01:2,E-SO,0.2,6,131,10,0.8396946564885496,1.0,0.8396946564885496,1.0,0,0
wordnet:vehicle.n.01:2,E-SO,0.2,7,131,10,0.8473282442748091,1.0,0.8473282442748091,1.0,0,0
wordnet:vehicle.n.01:2,E-SO,0.2,8,131,10,0.7709923664122137,1.0,0.7709923664122137,1.0,0,0
wordnet:vehicle.n.01:2,E-SO,0.2,9,131,10,0.8702290076335878,1.0,0.8702290076335878,1.0,0,0
wordnet:vehicle.n.01:2,E-SO,0.2,10,131,10,0.7633587786259542,1.0,0.7633587786259542,1.0,0,0
wordnet:vehicle.n.01:2,E-SO,0.2,11,131,10,0.8702290076335878,1.0,0.8702290076335878,1.0,0,0
wordnet:vehicle.n.01:2,E-SO,0.2,12,131,10,0.7786259541984732,1.0,0.7786259541984732,1.0,0,0
wordnet:vehicle.n.01:2,E-SO,0.2,13,131,10,0.7938931297709924,1.0,0.7938931297709924,1.0,0,0
wordnet:vehicle.n.01:2,E-SO,0.2,14,131,10,0.8702290076335878,1.0,0.8702290076335878,1.0,0,0
wordnet:vehicle.n.01:2,E-SO,0.2,15,131,10,0.8854961832061069,1.0,0.8854961832061069,1.0,0,0
wordnet:vehicle.n.01:2,E-SO,0.2,16,131,10,0.8473282442748091,1.0,0.8473282442748091,1.0,0,0
wordnet:vehicle.n.01:2,E-SO,0.2,17,131,10,0.7786259541984732,1.0,0.7786259541984732,1.0,0,0
wordnet:vehicle.n.01:2,E-SO,0.2,18,131,10,0.8625954198473282,1.0,0.8625954198473282,1.0,0,0
wordnet:vehicle.n.01:2,E-SO,0.2,19,131,10,0.8015267175572519,1.0,0.8015267175572519,1.0,0,0
wordnet:vehicle.n.01:2,E-SO,0.3,0,131,15,0.7480916030534351,1.0,0.7480916030534351,1.0,0,0
wordnet:vehicle.n.01:2,E-SO,0.3,1,131,15,0.7862595419847328,1.0,0.7862595419847328,1.0,0,0
wordnet:vehicle.n.01:2,E-SO,0.3,2,131,15,0.6641221374045801,1.0,0.6641221374045801,1.0,0,0
wordnet:vehicle.n.01:2,E-SO,0.3,3,131,15,0.7938931297709924,1.0,0.7938931297709924,1.0,0,0
wordnet:vehicle.n.01:2,E-SO,0.3,4,131,15,0.7022900763358778,1.0,0.7022900763358778,1.0,0,0
wordnet:vehicle.n.01:2,E-SO,0.3,5,131,15,0.732824427480916,1.0,0.732824427480916,1.0,0,0
wordnet:vehicle.n.01:2,E-SO,0.3,6,131,15,0.7938931297709924,1.0,0.7938931297709924,1.0,0,0
wordnet:vehicle.n.01:2,E-SO,0.3,7,131,15,0.6946564885496184,1.0,0.6946564885496184,1.0,0,0
wordnet:vehicle.n.01:2,E-SO,0.3,8,131,15,0.7938931297709924,1.0,0.7938931297709924,1.0,0,0
wordnet:vehicle.n.01:2,E-SO,0.3,9,131,15,0.8015267175572519,1.0,0.8015267175572519,1.0,0,0
wordnet:vehicle.n.01:2,E-SO,0.3,10,131,15,0.7175572519083969,1.0,0.7175572519083969,1.0,0,0
wordnet:vehicle.n.01:2,E-SO,0.3,11,131,15,0.7175572519083969,1.0,0.7175572519083969,1.0,0,0
wordnet:vehicle.n.01:2,E-SO,0.3,12,131,15,0.7709923664122137,1.0,0.7709923664122137,1.0,0,0
wordnet:vehicle.n.01:2,E-SO,0.3,13,131,15,0.7175572519083969,1.0,0.7175572519083969,1.0,0,0
wordnet:vehicle.n.01:2,E-SO,0.3,14,131,15,0.7938931297709924,1.0,0.7938931297709924,1.0,0,0
wordnet:vehicle.n.01:2,E-SO,0.3,15,131,15,0.8015267175572519,1.0,0.8015267175572519,1.0,0,0
wordnet:vehicle.n.01:2,E-SO,0.3,16,131,15,0.7022900763358778,1.0,0.7022900763358778,1.0,0,0
wordnet:vehicle.n.01:2,E-SO,0.3,17,131,15,0.7709923664122137,1.0,0.7709923664122137,1.0,0,0
wordnet:vehicle.n.01:2,E-SO,0.3,18,131,15,0.8015267175572519,1.0,0.8015267175572519,1.0,0,0
wordnet:vehicle.n.01:2,E-SO,0.3,19,131,15,0.7175572519083969,1.0,0.7175572519083969,1.0,0,0
wordnet:vehicle.n.01:2,E-SO,0.5,0,131,26,0.6183206106870229,1.0,0.6183206106870229,1.0,0,0
wordnet:vehicle.n.01:2,E-SO,0.5,1,131,26,0.648854961832061,1.0,0.648854961832061,1.0,0,0
wordnet:vehicle.n.01:2,E-SO,0.5,2,131,26,0.6106870229007634,1.0,0.6106870229007634,1.0,0,0
wordnet:vehicle.n.01:2,E-SO,0.5,3,131,26,0.6030534351145038,1.0,0.6030534351145038,1.0,0,0
wordnet:vehicle.n.01:2,E-SO,0.5,4,131,26,0.5725190839694656,1.0,0.5725190839694656,1.0,0,0
wordnet:vehicle.n.01:2,E-SO,0.5,5,131,26,0.6030534351145038,1.0,0.6030534351145038,1.0,0,0
wordnet:vehicle.n.01:2,E-SO,0.5,6,131,26,0.648854961832061,1.0,0.648854961832061,1.0,0,0
wordnet:vehicle.n.01:2,E-SO,0.5,7,131,26,0.6335877862595419,1.0,0.6335877862595419,1.0,0,0
wordnet:vehicle.n.01:2,E-SO,0.5,8,131,26,0.5801526717557252,1.0,0.5801526717557252,1.0,0,0
wordnet:vehicle.n.01:2,E-SO,0.5,9,131,26,0.648854961832061,1.0,0.648854961832061,1.0,0,0
wordnet:vehicle.n.01:2,E-SO,0.5,10,131,26,0.6641221374045801,1.0,0.6641221374045801,1.0,0,0
wordnet:vehicle.n.01:2,E-SO,0.5,11,131,26,0.6335877862595419,1.0,0.6335877862595419,1.0,0,0
wordnet:vehicle.n.01:2,E-SO,0.5,12,131,26,0.5343511450381679,1.0,0.5343511450381679,1.0,0,0
wordnet:vehicle.n.01:2,E-SO,0.5,13,131,26,0.5725190839694656,1.0,0.5725190839694656,1.0,0,0
wordnet:vehicle.n.01:2,E-SO,0.5,14,131,26,0.5954198473282443,1.0,0.5954198473282443,1.0,0,0
wordnet:vehicle.n.01:2,E-SO,0.5,15,131,26,0.5648854961832062,1.0,0.5648854961832062,1.0,0,0
wordnet:vehicle.n.01:2,E-SO,0.5,16,131,26,0.5725190839694656,1.0,0.5725190839694656,1.0,0,0
wordnet:vehicle.n.01:2,E-SO,0.5,17,131,26,0.6183206106870229,1.0,0.6183206106870229,1.0,0,0
wordnet:vehicle.n.01:2,E-SO,0.5,18,131,26,0.5801526717557252,1.0,0.5801526717557252,1.0,0,0
wordnet:vehicle.n.01:2,E-SO,0.5,19,131,26,0.6030534351145038,1.0,0.6030534351145038,1.0,0,0
wordnet:vehicle.n.01:2,E-SO,0.7,0,131,36,0.4732824427480916,1.0,0.4732824427480916,1.0,0,0
wordnet:vehicle.n.01:2,E-SO,0.7,1,131,36,0.48854961832061067,1.0,0.48854961832061067,1.0,0,0
wordnet:vehicle.n.01:2,E-SO,0.7,2,131,36,0.4580152671755725,1.0,0.4580152671755725,1.0,0,0
wordnet:vehicle.n.01:2,E-SO,0.7,3,131,36,0.46564885496183206,1.0,0.46564885496183206,1.0,0,0
wordnet:vehicle.n.01:2,E-SO,0.7,4,131,36,0.4732824427480916,1.0,0.4732824427480916,1.0,0,0
wordnet:vehicle.n.01:2,E-SO,0.7,5,131,36,0.46564885496183206,1.0,0.46564885496183206,1.0,0,0
wordnet:vehicle.n.01:2,E-SO,0.7,6,131,36,0.4732824427480916,1.0,0.4732824427480916,1.0,0,0
wordnet:vehicle.n.01:2,E-SO,0.7,7,131,36,0.4732824427480916,1.0,0.4732824427480916,1.0,0,0
wordnet:vehicle.n.01:2,E-SO,0.7,8,131,36,0.46564885496183206,1.0,0.46564885496183206,1.0,0,0
wordnet:vehicle.n.01:2,E-SO,0.7,9,131,36,0.5038167938931297,1.0,0.5038167938931297,1.0,0,0
wordnet:vehicle.n.01:2,E-SO,0.7,10,131,36,0.4732824427480916,1.0,0.4732824427480916,1.0,0,0
wordnet:vehicle.n.01:2,E-SO,0.7,11,131,36,0.46564885496183206,1.0,0.46564885496183206,1.0,0,0
wordnet:vehicle.n.01:2,E-SO,0.7,12,131,36,0.4732824427480916,1.0,0.4732824427480916,1.0,0,0
wordnet:vehicle.n.01:2,E-SO,0.7,13,131,36,0.5038167938931297,1.0,0.5038167938931297,1.0,0,0
wordnet:vehicle.n.01:2,E-SO,0.7,14,131,36,0.46564885496183206,1.0,0.46564885496183206,1.0,0,0
wordnet:vehicle.n.01:2,E-SO,0.7,15,131,36,0.5038167938931297,1.0,0.5038167938931297,1.0,0,0
wordnet:vehicle.n.01:2,E-SO,0.7,16,131,36,0.4732824427480916,1.0,0.4732824427480916,1.0,0,0
wordnet:vehicle.n.01:2,E-SO,0.7,17,131,36,0.4961832061068702,1.0,0.4961832061068702,1.0,0,0
wordnet:vehicle.n.01:2,E-SO,0.7,18,131,36,0.4580152671755725,1.0,0.4580152671755725,1.0,0,0
wordnet:vehicle.n.01:2,E-SO,0.7,19,131,36,0.5190839694656488,1.0,0.5190839694656488,1.0,0,0
wordnet:vehicle.n.01:2,E-SO,0.9,0,131,46,0.3893129770992366,1.0,0.3893129770992366,1.0,0,0
wordnet:vehicle.n.01:2,E-SO,0.9,1,131,46,0.3893129770992366,1.0,0.3893129770992366,1.0,0,0
wordnet:vehicle.n.01:2,E-SO,0.9,2,131,46,0.3816793893129771,1.0,0.3816793893129771,1.0,0,0
wordnet:vehicle.n.01:2,E-SO,0.9,3,131,46,0.3893129770992366,1.0,0.3893129770992366,1.0,0,0
wordnet:vehicle.n.01:2,E-SO,0.9,4,131,46,0.3893129770992366,1.0,0.3893129770992366,1.0,0,0
wordnet:vehicle.n.01:2,E-SO,0.9,5,131,46,0.3893129770992366,1.0,0.3893129770992366,1.0,0,0
wordnet:vehicle.n.01:2,E-SO,0.9,6,131,46,0.3893129770992366,1.0,0.3893129770992366,1.0,0,0
wordnet:vehicle.n.01:2,E-SO,0.9,7,131,46,0.3893129770992366,1.0,0.3893129770992366,1.0,0,0
wordnet:vehicle.n.01:2,E-SO,0.9,8,131,46,0.3893129770992366,1.0,0.3893129770992366,1.0,0,0
wordnet:vehicle.n.01:2,E-SO,0.9,9,131,46,0.3816793893129771,1.0,0.3816793893129771,1.0,0,0
wordnet:vehicle.n.01:2,E-SO,0.9,10,131,46,0.3893129770992366,1.0,0.3893129770992366,1.0,0,0
wordnet:vehicle.n.01:2,E-SO,0.9,11,131,46,0.3816793893129771,1.0,0.3816793893129771,1.0,0,0
wordnet:vehicle.n.01:2,E-SO,0.9,12,131,46,0.3969465648854962,1.0,0.3969465648854962,1.0,0,0
wordnet:vehicle.n.01:2,E-SO,0.9,13,131,46,0.3893129770992366,1.0,0.3893129770992366,1.0,0,0
wordnet:vehicle.n.01:2,E-SO,0.9,14,131,46,0.3893129770992366,1.0,0.3893129770992366,1.0,0,0
wordnet:vehicle.n.01:2,E-SO,0.9,15,131,46,0.3816793893129771,1.0,0.3816793893129771,1.0,0,0
wordnet:vehicle.n.01:2,E-SO,0.9,16,131,46,0.3816793893129771,1.0,0.3816793893129771,1.0,0,0
wordnet:vehicle.n.01:2,E-SO,0.9,17,131,46,0.3893129770992366,1.0,0.3893129770992366,1.0,0,0
wordnet:vehicle.n.01:2,E-SO,0.9,18,131,46,0.3816793893129771,1.0,0.3816793893129771,1.0,0,0
wordnet:vehicle.n.01:2,E-SO,0.9,19,131,46,0.3816793893129771,1.0,0.3816793893129771,1.0,0,0
wordnet:vehicle.n.01:2,E-HE,0.0,0,131,0,1.0,1.0,1.0,,0,0
wordnet:vehicle.n.01:2,E-HE,0.0,1,131,0,1.0,1.0,1.0,,0,0
wordnet:vehicle.n.01:2,E-HE,0.0,2,131,0,1.0,1.0,1.0,,0,0
wordnet:vehicle.n.01:2,E-HE,0.0,3,131,0,1.0,1.0,1.0,,0,0
wordnet:vehicle.n.01:2,E-HE,0.0,4,131,0,1.0,1.0,1.0,,0,0
wordnet:vehicle.n.01:2,E-HE,0.0,5,131,0,1.0,1.0,1.0,,0,0
wordnet:vehicle.n.01:2,E-HE,0.0,6,131,0,1.0,1.0,1.0,,0,0
wordnet:vehicle.n.01:2,E-HE,0.0,7,131,0,1.0,1.0,1.0,,0,0
wordnet:vehicle.n.01:2,E-HE,0.0,8,131,0,1.0,1.0,1.0,,0,0
wordnet:vehicle.n.01:2,E-HE,0.0,9,131,0,1.0,1.0,1.0,,0,0
wordnet:vehicle.n.01:2,E-HE,0.0,10,131,0,1.0,1.0,1.0,,0,0
wordnet:vehicle.n.01:2,E-HE,0.0,11,131,0,1.0,1.0,1.0,,0,0
wordnet:vehicle.n.01:2,E-HE,0.0,12,131,0,1.0,1.0,1.0,,0,0
wordnet:vehicle.n.01:2,E-HE,0.0,13,131,0,1.0,1.0,1.0,,0,0
wordnet:vehicle.n.01:2,E-HE,0.0,14,131,0,1.0,1.0,1.0,,0,0
wordnet:vehicle.n.01:2,E-HE,0.0,15,131,0,1.0,1.0,1.0,,0,0
wordnet:vehicle.n.01:2,E-HE,0.0,16,131,0,1.0,1.0,1.0,,0,0
wordnet:vehicle.n.01:2,E-HE,0.0,17,131,0,1.0,1.0,1.0,,0,0
wordnet:vehicle.n.01:2,E-HE,0.0,18,131,0,1.0,1.0,1.0,,0,0
wordnet:vehicle.n.01:2,E-HE,0.0,19,131,0,1.0,1.0,1.0,,0,0
wordnet:vehicle.n.01:2,E-HE,0.1,0,131,5,0.8854961832061069,0.8854961832061069,0.8854961832061069,,0,0
wordnet:vehicle.n.01:2,E-HE,0.1,1,131,5,0.8854961832061069,0.8854961832061069,0.8854961832061069,,0,0
wordnet:vehicle.n.01:2,E-HE,0.1,2,131,5,0.8854961832061069,0.8854961832061069,0.8854961832061069,,0,0
wordnet:vehicle.n.01:2,E-HE,0.1,3,131,5,0.8854961832061069,0.8854961832061069,0.8854961832061069,,0,0
wordnet:vehicle.n.01:2,E-HE,0.1,4,131,5,0.8854961832061069,0.8854961832061069,0.8854961832061069,,0,0
wordnet:vehicle.n.01:2,E-HE,0.1,5,131,5,0.8931297709923665,0.8931297709923665,0.8931297709923665,,0,0
wordnet:vehicle.n.01:2,E-HE,0.1,6,131,5,0.9007633587786259,0.9007633587786259,0.9007633587786259,,0,0
wordnet:vehicle.n.01:2,E-HE,0.1,7,131,5,0.8854961832061069,0.8854961832061069,0.8854961832061069,,0,0
wordnet:vehicle.n.01:2,E-HE,0.1,8,131,5,0.8854961832061069,0.8854961832061069,0.8854961832061069,,0,0
wordnet:vehicle.n.01:2,E-HE,0.1,9,131,5,0.8931297709923665,0.8931297709923665,0.8931297709923665,,0,0
wordnet:vehicle.n.01:2,E-HE,0.1,10,131,5,0.9007633587786259,0.9007633587786259,0.9007633587786259,,0,0
wordnet:vehicle.n.01:2,E-HE,0.1,11,131,5,0.8854961832061069,0.8854961832061069,0.8854961832061069,,0,0
wordnet:vehicle.n.01:2,E-HE,0.1,12,131,5,0.9083969465648855,0.9083969465648855,0.9083969465648855,,0,0
wordnet:vehicle.n.01:2,E-HE,0.1,13,131,5,0.8931297709923665,0.8931297709923665,0.8931297709923665,,0,0
wordnet:vehicle.n.01:2,E-HE,0.1,14,131,5,0.8931297709923665,0.8931297709923665,0.8931297709923665,,0,0
wordnet:vehicle.n.01:2,E-HE,0.1,15,131,5,0.9007633587786259,0.9007633587786259,0.9007633587786259,,0,0
wordnet:vehicle.n.01:2,E-HE,0.1,16,131,5,0.8931297709923665,0.8931297709923665,0.8931297709923665,,0,0
wordnet:vehicle.n.01:2,E-HE,0.1,17,131,5,0.8854961832061069,0.8854961832061069,0.8854961832061069,,0,0
wordnet:vehicle.n.01:2,E-HE,0.1,18,131,5,0.9007633587786259,0.9007633587786259,0.9007633587786259,,0,0
wordnet:vehicle.n.01:2,E-HE,0.1,19,131,5,0.8854961832061069,0.8854961832061069,0.8854961832061069,,0,0
wordnet:vehicle.n.01:2,E-HE,0.2,0,131,9,0.8091603053435115,0.8091603053435115,0.8091603053435115,,0,0
wordnet:vehicle.n.01:2,E-HE,0.2,1,131,9,0.7938931297709924,0.7938931297709924,0.7938931297709924,,0,0
wordnet:vehicle.n.01:2,E-HE,0.2,2,131,9,0.7938931297709924,0.7938931297709924,0.7938931297709924,,0,0
wordnet:vehicle.n.01:2,E-HE,0.2,3,131,9,0.8015267175572519,0.8015267175572519,0.8015267175572519,,0,0
wordnet:vehicle.n.01:2,E-HE,0.2,4,131,9,0.8091603053435115,0.8091603053435115,0.8091603053435115,,0,0
wordnet:vehicle.n.01:2,E-HE,0.2,5,131,9,0.7938931297709924,0.7938931297709924,0.7938931297709924,,0,0
wordnet:vehicle.n.01:2,E-HE,0.2,6,131,9,0.7938931297709924,0.7938931297709924,0.7938931297709924,,0,0
wordnet:vehicle.n.01:2,E-HE,0.2,7,131,9,0.8091603053435115,0.8091603053435115,0.8091603053435115,,0,0
wordnet:vehicle.n.01:2,E-HE,0.2,8,131,9,0.7938931297709924,0.7938931297709924,0.7938931297709924,,0,0
wordnet:vehicle.n.01:2,E-HE,0.2,9,131,9,0.8091603053435115,0.8091603053435115,0.8091603053435115,,0,0
wordnet:vehicle.n.01:2,E-HE,0.2,10,131,9,0.8091603053435115,0.8091603053435115,0.8091603053435115,,0,0
wordnet:vehicle.n.01:2,E-HE,0.2,11,131,9,0.816793893129771,0.816793893129771,0.816793893129771,,0,0
wordnet:vehicle.n.01:2,E-HE,0.2,12,131,9,0.8091603053435115,0.8091603053435115,0.8091603053435115,,0,0
wordnet:vehicle.n.01:2,E-HE,0.2,13,131,9,0.816793893129771,0.816793893129771,0.816793893129771,,0,0
wordnet:vehicle.n.01:2,E-HE,0.2,14,131,9,0.7938931297709924,0.7938931297709924,0.7938931297709924,,0,0
wordnet:vehicle.n.01:2,E-HE,0.2,15,131,9,0.8091603053435115,0.8091603053435115,0.8091603053435115,,0,0
wordnet:vehicle.n.01:2,E-HE,0.2,16,131,9,0.8015267175572519,0.8015267175572519,0.8015267175572519,,0,0
wordnet:vehicle.n.01:2,E-HE,0.2,17,131,9,0.8015267175572519,0.8015267175572519,0.8015267175572519,,0,0
wordnet:vehicle.n.01:2,E-HE,0.2,18,131,9,0.8015267175572519,0.8015267175572519,0.8015267175572519,,0,0
wordnet:vehicle.n.01:2,E-HE,0.2,19,131,9,0.8015267175572519,0.8015267175572519,0.8015267175572519,,0,0
wordnet:vehicle.n.01:2,E-HE,0.3,0,131,14,0.6870229007633588,0.6870229007633588,0.6870229007633588,,0,0
wordnet:vehicle.n.01:2,E-HE,0.3,1,131,14,0.7022900763358778,0.7022900763358778,0.7022900763358778,,0,0
wordnet:vehicle.n.01:2,E-HE,0.3,2,131,14,0.7022900763358778,0.7022900763358778,0.7022900763358778,,0,0
wordnet:vehicle.n.01:2,E-HE,0.3,3,131,14,0.7251908396946565,0.7251908396946565,0.7251908396946565,,0,0
wordnet:vehicle.n.01:2,E-HE,0.3,4,131,14,0.6870229007633588,0.6870229007633588,0.6870229007633588,,0,0
wordnet:vehicle.n.01:2,E-HE,0.3,5,131,14,0.7099236641221374,0.7099236641221374,0.7099236641221374,,0,0
wordnet:vehicle.n.01:2,E-HE,0.3,6,131,14,0.6946564885496184,0.6946564885496184,0.6946564885496184,,0,0
wordnet:vehicle.n.01:2,E-HE,0.3,7,131,14,0.6946564885496184,0.6946564885496184,0.6946564885496184,,0,0
wordnet:vehicle.n.01:2,E-HE,0.3,8,131,14,0.6946564885496184,0.6946564885496184,0.6946564885496184,,0,0
wordnet:vehicle.n.01:2,E-HE,0.3,9,131,14,0.7175572519083969,0.7175572519083969,0.7175572519083969,,0,0
wordnet:vehicle.n.01:2,E-HE,0.3,10,131,14,0.6870229007633588,0.6870229007633588,0.6870229007633588,,0,0
wordnet:vehicle.n.01:2,E-HE,0.3,11,131,14,0.7022900763358778,0.7022900763358778,0.7022900763358778,,0,0
wordnet:vehicle.n.01:2,E-HE,0.3,12,131,14,0.7099236641221374,0.7099236641221374,0.7099236641221374,,0,0
wordnet:vehicle.n.01:2,E-HE,0.3,13,131,14,0.6946564885496184,0.6946564885496184,0.6946564885496184,,0,0
wordnet:vehicle.n.01:2,E-HE,0.3,14,131,14,0.7099236641221374,0.7099236641221374,0.7099236641221374,,0,0
wordnet:vehicle.n.01:2,E-HE,0.3,15,131,14,0.7251908396946565,0.7251908396946565,0.7251908396946565,,0,0
wordnet:vehicle.n.01:2,E-HE,0.3,16,131,14,0.6946564885496184,0.6946564885496184,0.6946564885496184,,0,0
wordnet:vehicle.n.01:2,E-HE,0.3,17,131,14,0.6946564885496184,0.6946564885496184,0.6946564885496184,,0,0
wordnet:vehicle.n.01:2,E-HE,0.3,18,131,14,0.7099236641221374,0.7099236641221374,0.7099236641221374,,0,0
wordnet:vehicle.n.01:2,E-HE,0.3,19,131,14,0.6793893129770993,0.6793893129770993,0.6793893129770993,,0,0
wordnet:vehicle.n.01:2,E-HE,0.5,0,131,23,0.5190839694656488,0.5190839694656488,0.5190839694656488,,0,0
wordnet:vehicle.n.01:2,E-HE,0.5,1,131,23,0.48854961832061067,0.48854961832061067,0.48854961832061067,,0,0
wordnet:vehicle.n.01:2,E-HE,0.5,2,131,23,0.5038167938931297,0.5038167938931297,0.5038167938931297,,0,0
wordnet:vehicle.n.01:2,E-HE,0.5,3,131,23,0.5038167938931297,0.5038167938931297,0.5038167938931297,,0,0
wordnet:vehicle.n.01:2,E-HE,0.5,4,131,23,0.5190839694656488,0.5190839694656488,0.5190839694656488,,0,0
wordnet:vehicle.n.01:2,E-HE,0.5,5,131,23,0.5114503816793893,0.5114503816793893,0.5114503816793893,,0,0
wordnet:vehicle.n.01:2,E-HE,0.5,6,131,23,0.48854961832061067,0.48854961832061067,0.48854961832061067,,0,0
wordnet:vehicle.n.01:2,E-HE,0.5,7,131,23,0.5114503816793893,0.5114503816793893,0.5114503816793893,,0,0
wordnet:vehicle.n.01:2,E-HE,0.5,8,131,23,0.5267175572519084,0.5267175572519084,0.5267175572519084,,0,0
wordnet:vehicle.n.01:2,E-HE,0.5,9,131,23,0.5038167938931297,0.5038167938931297,0.5038167938931297,,0,0
wordnet:vehicle.n.01:2,E-HE,0.5,10,131,23,0.5190839694656488,0.5190839694656488,0.5190839694656488,,0,0
wordnet:vehicle.n.01:2,E-HE,0.5,11,131,23,0.5038167938931297,0.5038167938931297,0.5038167938931297,,0,0
wordnet:vehicle.n.01:2,E-HE,0.5,12,131,23,0.5038167938931297,0.5038167938931297,0.5038167938931297,,0,0
wordnet:vehicle.n.01:2,E-HE,0.5,13,131,23,0.5114503816793893,0.5114503816793893,0.5114503816793893,,0,0
wordnet:vehicle.n.01:2,E-HE,0.5,14,131,23,0.5114503816793893,0.5114503816793893,0.5114503816793893,,0,0
wordnet:vehicle.n.01:2,E-HE,0.5,15,131,23,0.5038167938931297,0.5038167938931297,0.5038167938931297,,0,0
wordnet:vehicle.n.01:2,E-HE,0.5,16,131,23,0.5114503816793893,0.5114503816793893,0.5114503816793893,,0,0
wordnet:vehicle.n.01:2,E-HE,0.5,17,131,23,0.5190839694656488,0.5190839694656488,0.5190839694656488,,0,0
wordnet:vehicle.n.01:2,E-HE,0.5,18,131,23,0.5114503816793893,0.5114503816793893,0.5114503816793893,,0,0
wordnet:vehicle.n.01:2,E-HE,0.5,19,131,23,0.5190839694656488,0.5190839694656488,0.5190839694656488,,0,0
wordnet:vehicle.n.01:2,E-HE,0.7,0,131,32,0.3053435114503817,0.3053435114503817,0.3053435114503817,,0,0
wordnet:vehicle.n.01:2,E-HE,0.7,1,131,32,0.32061068702290074,0.32061068702290074,0.32061068702290074,,0,0
wordnet:vehicle.n.01:2,E-HE,0.7,2,131,32,0.31297709923664124,0.31297709923664124,0.31297709923664124,,0,0
wordnet:vehicle.n.01:2,E-HE,0.7,3,131,32,0.32061068702290074,0.32061068702290074,0.32061068702290074,,0,0
wordnet:vehicle.n.01:2,E-HE,0.7,4,131,32,0.3053435114503817,0.3053435114503817,0.3053435114503817,,0,0
wordnet:vehicle.n.01:2,E-HE,0.7,5,131,32,0.31297709923664124,0.31297709923664124,0.31297709923664124,,0,0
wordnet:vehicle.n.01:2,E-HE,0.7,6,131,32,0.29770992366412213,0.29770992366412213,0.29770992366412213,,0,0
wordnet:vehicle.n.01:2,E-HE,0.7,7,131,32,0.32061068702290074,0.32061068702290074,0.32061068702290074,,0,0
wordnet:vehicle.n.01:2,E-HE,0.7,8,131,32,0.32061068702290074,0.32061068702290074,0.32061068702290074,,0,0
wordnet:vehicle.n.01:2,E-HE,0.7,9,131,32,0.3053435114503817,0.3053435114503817,0.3053435114503817,,0,0
wordnet:vehicle.n.01:2,E-HE,0.7,10,131,32,0.32061068702290074,0.32061068702290074,0.32061068702290074,,0,0
wordnet:vehicle.n.01:2,E-HE,0.7,11,131,32,0.3053435114503817,0.3053435114503817,0.3053435114503817,,0,0
wordnet:vehicle.n.01:2,E-HE,0.7,12,131,32,0.32061068702290074,0.32061068702290074,0.32061068702290074,,0,0
wordnet:vehicle.n.01:2,E-HE,0.7,13,131,32,0.3053435114503817,0.3053435114503817,0.3053435114503817,,0,0
wordnet:vehicle.n.01:2,E-HE,0.7,14,131,32,0.32061068702290074,0.32061068702290074,0.32061068702290074,,0,0
wordnet:vehicle.n.01:2,E-HE,0.7,15,131,32,0.32061068702290074,0.32061068702290074,0.32061068702290074,,0,0
wordnet:vehicle.n.01:2,E-HE,0.7,16,131,32,0.31297709923664124,0.31297709923664124,0.31297709923664124,,0,0
wordnet:vehicle.n.01:2,E-HE,0.7,17,131,32,0.31297709923664124,0.31297709923664124,0.31297709923664124,,0,0
wordnet:vehicle.n.01:2,E-HE,0.7,18,131,32,0.31297709923664124,0.31297709923664124,0.31297709923664124,,0,0
wordnet:vehicle.n.01:2,E-HE,0.7,19,131,32,0.31297709923664124,0.31297709923664124,0.31297709923664124,,0,0
wordnet:vehicle.n.01:2,E-HE,0.9,0,131,41,0.11450381679389313,0.11450381679389313,0.11450381679389313,,0,0
wordnet:vehicle.n.01:2,E-HE,0.9,1,131,41,0.09923664122137404,0.09923664122137404,0.09923664122137404,,0,0
wordnet:vehicle.n.01:2,E-HE,0.9,2,131,41,0.11450381679389313,0.11450381679389313,0.11450381679389313,,0,0
wordnet:vehicle.n.01:2,E-HE,0.9,3,131,41,0.10687022900763359,0.10687022900763359,0.10687022900763359,,0,0
wordnet:vehicle.n.01:2,E-HE,0.9,4,131,41,0.11450381679389313,0.11450381679389313,0.11450381679389313,,0,0
wordnet:vehicle.n.01:2,E-HE,0.9,5,131,41,0.11450381679389313,0.11450381679389313,0.11450381679389313,,0,0
wordnet:vehicle.n.01:2,E-HE,0.9,6,131,41,0.11450381679389313,0.11450381679389313,0.11450381679389313,,0,0
wordnet:vehicle.n.01:2,E-HE,0.9,7,131,41,0.09923664122137404,0.09923664122137404,0.09923664122137404,,0,0
wordnet:vehicle.n.01:2,E-HE,0.9,8,131,41,0.11450381679389313,0.11450381679389313,0.11450381679389313,,0,0
wordnet:vehicle.n.01:2,E-HE,0.9,9,131,41,0.10687022900763359,0.10687022900763359,0.10687022900763359,,0,0
wordnet:vehicle.n.01:2,E-HE,0.9,10,131,41,0.11450381679389313,0.11450381679389313,0.11450381679389313,,0,0
wordnet:vehicle.n.01:2,E-HE,0.9,11,131,41,0.11450381679389313,0.11450381679389313,0.11450381679389313,,0,0
wordnet:vehicle.n.01:2,E-HE,0.9,12,131,41,0.10687022900763359,0.10687022900763359,0.10687022900763359,,0,0
wordnet:vehicle.n.01:2,E-HE,0.9,13,131,41,0.11450381679389313,0.11450381679389313,0.11450381679389313,,0,0
wordnet:vehicle.n.01:2,E-HE,0.9,14,131,41,0.11450381679389313,0.11450381679389313,0.11450381679389313,,0,0
wordnet:vehicle.n.01:2,E-HE,0.9,15,131,41,0.11450381679389313,0.11450381679389313,0.11450381679389313,,0,0
wordnet:vehicle.n.01:2,E-HE,0.9,16,131,41,0.11450381679389313,0.11450381679389313,0.11450381679389313,,0,0
wordnet:vehicle.n.01:2,E-HE,0.9,17,131,41,0.11450381679389313,0.11450381679389313,0.11450381679389313,,0,0
wordnet:vehicle.n.01:2,E-HE,0.9,18,131,41,0.10687022900763359,0.10687022900763359,0.10687022900763359,,0,0
wordnet:vehicle.n.01:2,E-HE,0.9,19,131,41,0.11450381679389313,0.11450381679389313,0.11450381679389313,,0,0
wordnet:vehicle.n.01:2,E-HX,0.0,0,131,0,1.0,1.0,1.0,,0,0
wordnet:vehicle.n.01:2,E-HX,0.0,1,131,0,1.0,1.0,1.0,,0,0
wordnet:vehicle.n.01:2,E-HX,0.0,2,131,0,1.0,1.0,1.0,,0,0
wordnet:vehicle.n.01:2,E-HX,0.0,3,131,0,1.0,1.0,1.0,,0,0
wordnet:vehicle.n.01:2,E-HX,0.0,4,131,0,1.0,1.0,1.0,,0,0
wordnet:vehicle.n.01:2,E-HX,0.0,5,131,0,1.0,1.0,1.0,,0,0
wordnet:vehicle.n.01:2,E-HX,0.0,6,131,0,1.0,1.0,1.0,,0,0
wordnet:vehicle.n.01:2,E-HX,0.0,7,131,0,1.0,1.0,1.0,,0,0
wordnet:vehicle.n.01:2,E-HX,0.0,8,131,0,1.0,1.0,1.0,,0,0
wordnet:vehicle.n.01:2,E-HX,0.0,9,131,0,1.0,1.0,1.0,,0,0
wordnet:vehicle.n.01:2,E-HX,0.0,10,131,0,1.0,1.0,1.0,,0,0
wordnet:vehicle.n.01:2,E-HX,0.0,11,131,0,1.0,1.0,1.0,,0,0
wordnet:vehicle.n.01:2,E-HX,0.0,12,131,0,1.0,1.0,1.0,,0,0
wordnet:vehicle.n.01:2,E-HX,0.0,13,131,0,1.0,1.0,1.0,,0,0
wordnet:vehicle.n.01:2,E-HX,0.0,14,131,0,1.0,1.0,1.0,,0,0
wordnet:vehicle.n.01:2,E-HX,0.0,15,131,0,1.0,1.0,1.0,,0,0
wordnet:vehicle.n.01:2,E-HX,0.0,16,131,0,1.0,1.0,1.0,,0,0
wordnet:vehicle.n.01:2,E-HX,0.0,17,131,0,1.0,1.0,1.0,,0,0
wordnet:vehicle.n.01:2,E-HX,0.0,18,131,0,1.0,1.0,1.0,,0,0
wordnet:vehicle.n.01:2,E-HX,0.0,19,131,0,1.0,1.0,1.0,,0,0
wordnet:vehicle.n.01:2,E-HX,0.1,0,131,5,0.9465648854961832,1.0,1.0,1.0,7,0
wordnet:vehicle.n.01:2,E-HX,0.1,1,131,5,0.9618320610687023,1.0,1.0,1.0,5,0
wordnet:vehicle.n.01:2,E-HX,0.1,2,131,5,0.8778625954198473,1.0,1.0,1.0,16,0
wordnet:vehicle.n.01:2,E-HX,0.1,3,131,5,0.9618320610687023,1.0,1.0,1.0,5,0
wordnet:vehicle.n.01:2,E-HX,0.1,4,131,5,0.9618320610687023,1.0,1.0,1.0,5,0
wordnet:vehicle.n.01:2,E-HX,0.1,5,131,5,0.9618320610687023,1.0,1.0,1.0,5,0
wordnet:vehicle.n.01:2,E-HX,0.1,6,131,5,0.9618320610687023,1.0,1.0,1.0,5,0
wordnet:vehicle.n.01:2,E-HX,0.1,7,131,5,0.9618320610687023,1.0,1.0,1.0,5,0
wordnet:vehicle.n.01:2,E-HX,0.1,8,131,5,0.6183206106870229,1.0,1.0,1.0,50,0
wordnet:vehicle.n.01:2,E-HX,0.1,9,131,5,0.9618320610687023,1.0,1.0,1.0,5,0
wordnet:vehicle.n.01:2,E-HX,0.1,10,131,5,0.9618320610687023,1.0,1.0,1.0,5,0
wordnet:vehicle.n.01:2,E-HX,0.1,11,131,5,0.8778625954198473,1.0,1.0,1.0,16,0
wordnet:vehicle.n.01:2,E-HX,0.1,12,131,5,0.8473282442748091,1.0,1.0,1.0,20,0
wordnet:vehicle.n.01:2,E-HX,0.1,13,131,5,0.8778625954198473,1.0,1.0,1.0,16,0
wordnet:vehicle.n.01:2,E-HX,0.1,14,131,5,0.5038167938931297,1.0,1.0,1.0,65,0
wordnet:vehicle.n.01:2,E-HX,0.1,15,131,5,0.8473282442748091,1.0,1.0,1.0,20,0
wordnet:vehicle.n.01:2,E-HX,0.1,16,131,5,0.6335877862595419,1.0,1.0,1.0,48,0
wordnet:vehicle.n.01:2,E-HX,0.1,17,131,5,0.9618320610687023,1.0,1.0,1.0,5,0
wordnet:vehicle.n.01:2,E-HX,0.1,18,131,5,0.9618320610687023,1.0,1.0,1.0,5,0
wordnet:vehicle.n.01:2,E-HX,0.1,19,131,5,0.9618320610687023,1.0,1.0,1.0,5,0
wordnet:vehicle.n.01:2,E-HX,0.2,0,131,10,0.7786259541984732,1.0,1.0,1.0,29,0
wordnet:vehicle.n.01:2,E-HX,0.2,1,131,10,0.8396946564885496,1.0,1.0,1.0,21,0
wordnet:vehicle.n.01:2,E-HX,0.2,2,131,10,0.8396946564885496,1.0,1.0,1.0,21,0
wordnet:vehicle.n.01:2,E-HX,0.2,3,131,10,0.9236641221374046,1.0,1.0,1.0,10,0
wordnet:vehicle.n.01:2,E-HX,0.2,4,131,10,0.8091603053435115,1.0,1.0,1.0,25,0
wordnet:vehicle.n.01:2,E-HX,0.2,5,131,10,0.8931297709923665,1.0,1.0,1.0,14,0
wordnet:vehicle.n.01:2,E-HX,0.2,6,131,10,0.9083969465648855,1.0,1.0,1.0,12,0
wordnet:vehicle.n.01:2,E-HX,0.2,7,131,10,0.8244274809160306,1.0,1.0,1.0,23,0
wordnet:vehicle.n.01:2,E-HX,0.2,8,131,10,0.8091603053435115,1.0,1.0,1.0,25,0
wordnet:vehicle.n.01:2,E-HX,0.2,9,131,10,0.5954198473282443,1.0,1.0,1.0,53,0
wordnet:vehicle.n.01:2,E-HX,0.2,10,131,10,0.7938931297709924,1.0,1.0,1.0,27,0
wordnet:vehicle.n.01:2,E-HX,0.2,11,131,10,0.8931297709923665,1.0,1.0,1.0,14,0
wordnet:vehicle.n.01:2,E-HX,0.2,12,131,10,0.9236641221374046,1.0,1.0,1.0,10,0
wordnet:vehicle.n.01:2,E-HX,0.2,13,131,10,0.8091603053435115,1.0,1.0,1.0,25,0
wordnet:vehicle.n.01:2,E-HX,0.2,14,131,10,0.8931297709923665,1.0,1.0,1.0,14,0
wordnet:vehicle.n.01:2,E-HX,0.2,15,131,10,0.9236641221374046,1.0,1.0,1.0,10,0
wordnet:vehicle.n.01:2,E-HX,0.2,16,131,10,0.8091603053435115,1.0,1.0,1.0,25,0
wordnet:vehicle.n.01:2,E-HX,0.2,17,131,10,0.9236641221374046,1.0,1.0,1.0,10,0
wordnet:vehicle.n.01:2,E-HX,0.2,18,131,10,0.8473282442748091,1.0,1.0,1.0,20,0
wordnet:vehicle.n.01:2,E-HX,0.2,19,131,10,0.8091603053435115,1.0,1.0,1.0,25,0
wordnet:vehicle.n.01:2,E-HX,0.3,0,131,16,0.5190839694656488,1.0,1.0,1.0,63,0
wordnet:vehicle.n.01:2,E-HX,0.3,1,131,16,0.8320610687022901,1.0,1.0,1.0,22,0
wordnet:vehicle.n.01:2,E-HX,0.3,2,131,16,0.8778625954198473,1.0,1.0,1.0,16,0
wordnet:vehicle.n.01:2,E-HX,0.3,3,131,16,0.732824427480916,1.0,1.0,1.0,35,0
wordnet:vehicle.n.01:2,E-HX,0.3,4,131,16,0.5190839694656488,1.0,1.0,1.0,63,0
wordnet:vehicle.n.01:2,E-HX,0.3,5,131,16,0.549618320610687,1.0,1.0,1.0,59,0
wordnet:vehicle.n.01:2,E-HX,0.3,6,131,16,0.5190839694656488,1.0,1.0,1.0,63,0
wordnet:vehicle.n.01:2,E-HX,0.3,7,131,16,0.8320610687022901,1.0,1.0,1.0,22,0
wordnet:vehicle.n.01:2,E-HX,0.3,8,131,16,0.8320610687022901,1.0,1.0,1.0,22,0
wordnet:vehicle.n.01:2,E-HX,0.3,9,131,16,0.8778625954198473,1.0,1.0,1.0,16,0
wordnet:vehicle.n.01:2,E-HX,0.3,10,131,16,0.7938931297709924,1.0,1.0,1.0,27,0
wordnet:vehicle.n.01:2,E-HX,0.3,11,131,16,0.7633587786259542,1.0,1.0,1.0,31,0
wordnet:vehicle.n.01:2,E-HX,0.3,12,131,16,0.4351145038167939,1.0,1.0,1.0,74,0
wordnet:vehicle.n.01:2,E-HX,0.3,13,131,16,0.40458015267175573,1.0,1.0,1.0,78,0
wordnet:vehicle.n.01:2,E-HX,0.3,14,131,16,0.7938931297709924,1.0,1.0,1.0,27,0
wordnet:vehicle.n.01:2,E-HX,0.3,15,131,16,0.5343511450381679,1.0,1.0,1.0,61,0
wordnet:vehicle.n.01:2,E-HX,0.3,16,131,16,0.8320610687022901,1.0,1.0,1.0,22,0
wordnet:vehicle.n.01:2,E-HX,0.3,17,131,16,0.7175572519083969,1.0,1.0,1.0,37,0
wordnet:vehicle.n.01:2,E-HX,0.3,18,131,16,0.40458015267175573,1.0,1.0,1.0,78,0
wordnet:vehicle.n.01:2,E-HX,0.3,19,131,16,0.4351145038167939,1.0,1.0,1.0,74,0
wordnet:vehicle.n.01:2,E-HX,0.5,0,131,26,0.2748091603053435,1.0,1.0,1.0,95,0
wordnet:vehicle.n.01:2,E-HX,0.5,1,131,26,0.6564885496183206,1.0,1.0,1.0,45,0
wordnet:vehicle.n.01:2,E-HX,0.5,2,131,26,0.31297709923664124,1.0,1.0,1.0,90,0
wordnet:vehicle.n.01:2,E-HX,0.5,3,131,26,0.6564885496183206,1.0,1.0,1.0,45,0
wordnet:vehicle.n.01:2,E-HX,0.5,4,131,26,0.3282442748091603,1.0,1.0,1.0,88,0
wordnet:vehicle.n.01:2,E-HX,0.5,5,131,26,0.6717557251908397,1.0,1.0,1.0,43,0
wordnet:vehicle.n.01:2,E-HX,0.5,6,131,26,0.29770992366412213,1.0,1.0,1.0,92,0
wordnet:vehicle.n.01:2,E-HX,0.5,7,131,26,0.3435114503816794,1.0,1.0,1.0,86,0
wordnet:vehicle.n.01:2,E-HX,0.5,8,131,26,0.6717557251908397,1.0,1.0,1.0,43,0
wordnet:vehicle.n.01:2,E-HX,0.5,9,131,26,0.5267175572519084,1.0,1.0,1.0,62,0
wordnet:vehicle.n.01:2,E-HX,0.5,10,131,26,0.6259541984732825,1.0,1.0,1.0,49,0
wordnet:vehicle.n.01:2,E-HX,0.5,11,131,26,0.42748091603053434,1.0,1.0,1.0,75,0
wordnet:vehicle.n.01:2,E-HX,0.5,12,131,26,0.22900763358778625,1.0,1.0,1.0,101,0
wordnet:vehicle.n.01:2,E-HX,0.5,13,131,26,0.4732824427480916,1.0,1.0,1.0,69,0
wordnet:vehicle.n.01:2,E-HX,0.5,14,131,26,0.6412213740458015,1.0,1.0,1.0,47,0
wordnet:vehicle.n.01:2,E-HX,0.5,15,131,26,0.5725190839694656,1.0,1.0,1.0,56,0
wordnet:vehicle.n.01:2,E-HX,0.5,16,131,26,0.3969465648854962,1.0,1.0,1.0,79,0
wordnet:vehicle.n.01:2,E-HX,0.5,17,131,26,0.5419847328244275,1.0,1.0,1.0,60,0
wordnet:vehicle.n.01:2,E-HX,0.5,18,131,26,0.21374045801526717,1.0,1.0,1.0,103,0
wordnet:vehicle.n.01:2,E-HX,0.5,19,131,26,0.44274809160305345,1.0,1.0,1.0,73,0
wordnet:vehicle.n.01:2,E-HX,0.7,0,131,36,0.12213740458015267,1.0,1.0,1.0,115,0
wordnet:vehicle.n.01:2,E-HX,0.7,1,131,36,0.12213740458015267,1.0,1.0,1.0,115,0
wordnet:vehicle.n.01:2,E-HX,0.7,2,131,36,0.5954198473282443,1.0,1.0,1.0,53,0
wordnet:vehicle.n.01:2,E-HX,0.7,3,131,36,0.31297709923664124,1.0,1.0,1.0,90,0
wordnet:vehicle.n.01:2,E-HX,0.7,4,131,36,0.6793893129770993,1.0,1.0,1.0,42,0
wordnet:vehicle.n.01:2,E-HX,0.7,5,131,36,0.45038167938931295,1.0,1.0,1.0,72,0
wordnet:vehicle.n.01:2,E-HX,0.7,6,131,36,0.15267175572519084,1.0,1.0,1.0,111,0
wordnet:vehicle.n.01:2,E-HX,0.7,7,131,36,0.31297709923664124,1.0,1.0,1.0,90,0
wordnet:vehicle.n.01:2,E-HX,0.7,8,131,36,0.20610687022900764,1.0,1.0,1.0,104,0
wordnet:vehicle.n.01:2,E-HX,0.7,9,131,36,0.25190839694656486,1.0,1.0,1.0,98,0
wordnet:vehicle.n.01:2,E-HX,0.7,10,131,36,0.2366412213740458,1.0,1.0,1.0,100,0
wordnet:vehicle.n.01:2,E-HX,0.7,11,131,36,0.12213740458015267,1.0,1.0,1.0,115,0
wordnet:vehicle.n.01:2,E-HX,0.7,12,131,36,0.15267175572519084,1.0,1.0,1.0,111,0
wordnet:vehicle.n.01:2,E-HX,0.7,13,131,36,0.12213740458015267,1.0,1.0,1.0,115,0
wordnet:vehicle.n.01:2,E-HX,0.7,14,131,36,0.183206106870229,1.0,1.0,1.0,107,0
wordnet:vehicle.n.01:2,E-HX,0.7,15,131,36,0.20610687022900764,1.0,1.0,1.0,104,0
wordnet:vehicle.n.01:2,E-HX,0.7,16,131,36,0.13740458015267176,1.0,1.0,1.0,113,0
wordnet:vehicle.n.01:2,E-HX,0.7,17,131,36,0.5648854961832062,1.0,1.0,1.0,57,0
wordnet:vehicle.n.01:2,E-HX,0.7,18,131,36,0.48091603053435117,1.0,1.0,1.0,68,0
wordnet:vehicle.n.01:2,E-HX,0.7,19,131,36,0.2366412213740458,1.0,1.0,1.0,100,0
wordnet:vehicle.n.01:2,E-HX,0.9,0,131,47,0.03816793893129771,1.0,1.0,1.0,126,0
wordnet:vehicle.n.01:2,E-HX,0.9,1,131,47,0.03816793893129771,1.0,1.0,1.0,126,0
wordnet:vehicle.n.01:2,E-HX,0.9,2,131,47,0.03816793893129771,1.0,1.0,1.0,126,0
wordnet:vehicle.n.01:2,E-HX,0.9,3,131,47,0.03816793893129771,1.0,1.0,1.0,126,0
wordnet:vehicle.n.01:2,E-HX,0.9,4,131,47,0.366412213740458,1.0,1.0,1.0,83,0
wordnet:vehicle.n.01:2,E-HX,0.9,5,131,47,0.03816793893129771,1.0,1.0,1.0,126,0
wordnet:vehicle.n.01:2,E-HX,0.9,6,131,47,0.06870229007633588,1.0,1.0,1.0,122,0
wordnet:vehicle.n.01:2,E-HX,0.9,7,131,47,0.03816793893129771,1.0,1.0,1.0,126,0
wordnet:vehicle.n.01:2,E-HX,0.9,8,131,47,0.15267175572519084,1.0,1.0,1.0,111,0
wordnet:vehicle.n.01:2,E-HX,0.9,9,131,47,0.03816793893129771,1.0,1.0,1.0,126,0
wordnet:vehicle.n.01:2,E-HX,0.9,10,131,47,0.03816793893129771,1.0,1.0,1.0,126,0
wordnet:vehicle.n.01:2,E-HX,0.9,11,131,47,0.03816793893129771,1.0,1.0,1.0,126,0
wordnet:vehicle.n.01:2,E-HX,0.9,12,131,47,0.03816793893129771,1.0,1.0,1.0,126,0
wordnet:vehicle.n.01:2,E-HX,0.9,13,131,47,0.03816793893129771,1.0,1.0,1.0,126,0
wordnet:vehicle.n.01:2,E-HX,0.9,14,131,47,0.2366412213740458,1.0,1.0,1.0,100,0
wordnet:vehicle.n.01:2,E-HX,0.9,15,131,47,0.03816793893129771,1.0,1.0,1.0,126,0
wordnet:vehicle.n.01:2,E-HX,0.9,16,131,47,0.03816793893129771,1.0,1.0,1.0,126,0
wordnet:vehicle.n.01:2,E-HX,0.9,17,131,47,0.03816793893129771,1.0,1.0,1.0,126,0
wordnet:vehicle.n.01:2,E-HX,0.9,18,131,47,0.12213740458015267,1.0,1.0,1.0,115,0
wordnet:vehicle.n.01:2,E-HX,0.9,19,131,47,0.03816793893129771,1.0,1.0,1.0,126,0
wikidata:Q42889:3,E-SO,0.0,0,249,0,1.0,1.0,1.0,,0,0
wikidata:Q42889:3,E-SO,0.0,1,249,0,1.0,1.0,1.0,,0,0
wikidata:Q42889:3,E-SO,0.0,2,249,0,1.0,1.0,1.0,,0,0
wikidata:Q42889:3,E-SO,0.0,3,249,0,1.0,1.0,1.0,,0,0
wikidata:Q42889:3,E-SO,0.0,4,249,0,1.0,1.0,1.0,,0,0
wikidata:Q42889:3,E-SO,0.0,5,249,0,1.0,1.0,1.0,,0,0
wikidata:Q42889:3,E-SO,0.0,6,249,0,1.0,1.0,1.0,,0,0
wikidata:Q42889:3,E-SO,0.0,7,249,0,1.0,1.0,1.0,,0,0
wikidata:Q42889:3,E-SO,0.0,8,249,0,1.0,1.0,1.0,,0,0
wikidata:Q42889:3,E-SO,0.0,9,249,0,1.0,1.0,1.0,,0,0
wikidata:Q42889:3,E-SO,0.0,10,249,0,1.0,1.0,1.0,,0,0
wikidata:Q42889:3,E-SO,0.0,11,249,0,1.0,1.0,1.0,,0,0
wikidata:Q42889:3,E-SO,0.0,12,249,0,1.0,1.0,1.0,,0,0
wikidata:Q42889:3,E-SO,0.0,13,249,0,1.0,1.0,1.0,,0,0
wikidata:Q42889:3,E-SO,0.0,14,249,0,1.0,1.0,1.0,,0,0
wikidata:Q42889:3,E-SO,0.0,15,249,0,1.0,1.0,1.0,,0,0
wikidata:Q42889:3,E-SO,0.0,16,249,0,1.0,1.0,1.0,,0,0
wikidata:Q42889:3,E-SO,0.0,17,249,0,1.0,1.0,1.0,,0,0
wikidata:Q42889:3,E-SO,0.0,18,249,0,1.0,1.0,1.0,,0,0
wikidata:Q42889:3,E-SO,0.0,19,249,0,1.0,1.0,1.0,,0,0
wikidata:Q42889:3,E-SO,0.1,0,249,17,0.9036144578313253,1.0,0.9036144578313253,1.0,0,0
wikidata:Q42889:3,E-SO,0.1,1,249,17,0.9598393574297188,1.0,0.9598393574297188,1.0,0,0
wikidata:Q42889:3,E-SO,0.1,2,249,17,0.9317269076305221,1.0,0.9317269076305221,1.0,0,0
wikidata:Q42889:3,E-SO,0.1,3,249,17,0.9678714859437751,1.0,0.9678714859437751,1.0,0,0
wikidata:Q42889:3,E-SO,0.1,4,249,17,0.9477911646586346,1.0,0.9477911646586346,1.0,0,0
wikidata:Q42889:3,E-SO,0.1,5,249,17,0.8875502008032129,1.0,0.8875502008032129,1.0,0,0
wikidata:Q42889:3,E-SO,0.1,6,249,17,0.9196787148594378,1.0,0.9196787148594378,1.0,0,0
wikidata:Q42889:3,E-SO,0.1,7,249,17,0.9518072289156626,1.0,0.9518072289156626,1.0,0,0
wikidata:Q42889:3,E-SO,0.1,8,249,17,0.9317269076305221,1.0,0.9317269076305221,1.0,0,0
wikidata:Q42889:3,E-SO,0.1,9,249,17,0.9759036144578314,1.0,0.9759036144578314,1.0,0,0
wikidata:Q42889:3,E-SO,0.1,10,249,17,0.9477911646586346,1.0,0.9477911646586346,1.0,0,0
wikidata:Q42889:3,E-SO,0.1,11,249,17,0.9236947791164659,1.0,0.9236947791164659,1.0,0,0
wikidata:Q42889:3,E-SO,0.1,12,249,17,0.9518072289156626,1.0,0.9518072289156626,1.0,0,0
wikidata:Q42889:3,E-SO,0.1,13,249,17,0.8995983935742972,1.0,0.8995983935742972,1.0,0,0
wikidata:Q42889:3,E-SO,0.1,14,249,17,0.9558232931726908,1.0,0.9558232931726908,1.0,0,0
wikidata:Q42889:3,E-SO,0.1,15,249,17,0.9317269076305221,1.0,0.9317269076305221,1.0,0,0
wikidata:Q42889:3,E-SO,0.1,16,249,17,0.9598393574297188,1.0,0.9598393574297188,1.0,0,0
wikidata:Q42889:3,E-SO,0.1,17,249,17,0.9317269076305221,1.0,0.9317269076305221,1.0,0,0
wikidata:Q42889:3,E-SO,0.1,18,249,17,0.9558232931726908,1.0,0.9558232931726908,1.0,0,0
wikidata:Q42889:3,E-SO,0.1,19,249,17,0.9317269076305221,1.0,0.9317269076305221,1.0,0,0
wikidata:Q42889:3,E-SO,0.2,0,249,33,0.8955823293172691,1.0,0.8955823293172691,1.0,0,0
wikidata:Q42889:3,E-SO,0.2,1,249,33,0.8714859437751004,1.0,0.8714859437751004,1.0,0,0
wikidata:Q42889:3,E-SO,0.2,2,249,33,0.9076305220883534,1.0,0.9076305220883534,1.0,0,0
wikidata:Q42889:3,E-SO,0.2,3,249,33,0.8955823293172691,1.0,0.8955823293172691,1.0,0,0
wikidata:Q42889:3,E-SO,0.2,4,249,33,0.8955823293172691,1.0,0.8955823293172691,1.0,0,0
wikidata:Q42889:3,E-SO,0.2,5,249,33,0.8433734939759037,1.0,0.8433734939759037,1.0,0,0
wikidata:Q42889:3,E-SO,0.2,6,249,33,0.8995983935742972,1.0,0.8995983935742972,1.0,0,0
wikidata:Q42889:3,E-SO,0.2,7,249,33,0.9317269076305221,1.0,0.9317269076305221,1.0,0,0
wikidata:Q42889:3,E-SO,0.2,8,249,33,0.8554216867469879,1.0,0.8554216867469879,1.0,0,0
wikidata:Q42889:3,E-SO,0.2,9,249,33,0.891566265060241,1.0,0.891566265060241,1.0,0,0
wikidata:Q42889:3,E-SO,0.2,10,249,33,0.9236947791164659,1.0,0.9236947791164659,1.0,0,0
wikidata:Q42889:3,E-SO,0.2,11,249,33,0.9116465863453815,1.0,0.9116465863453815,1.0,0,0
wikidata:Q42889:3,E-SO,0.2,12,249,33,0.8755020080321285,1.0,0.8755020080321285,1.0,0,0
wikidata:Q42889:3,E-SO,0.2,13,249,33,0.8835341365461847,1.0,0.8835341365461847,1.0,0,0
wikidata:Q42889:3,E-SO,0.2,14,249,33,0.8393574297188755,1.0,0.8393574297188755,1.0,0,0
wikidata:Q42889:3,E-SO,0.2,15,249,33,0.8995983935742972,1.0,0.8995983935742972,1.0,0,0
wikidata:Q42889:3,E-SO,0.2,16,249,33,0.8835341365461847,1.0,0.8835341365461847,1.0,0,0
wikidata:Q42889:3,E-SO,0.2,17,249,33,0.8755020080321285,1.0,0.8755020080321285,1.0,0,0
wikidata:Q42889:3,E-SO,0.2,18,249,33,0.8714859437751004,1.0,0.8714859437751004,1.0,0,0
wikidata:Q42889:3,E-SO,0.2,19,249,33,0.9156626506024096,1.0,0.9156626506024096,1.0,0,0
wikidata:Q42889:3,E-SO,0.3,0,249,50,0.8755020080321285,1.0,0.8755020080321285,1.0,0,0
wikidata:Q42889:3,E-SO,0.3,1,249,50,0.8473895582329317,1.0,0.8473895582329317,1.0,0,0
wikidata:Q42889:3,E-SO,0.3,2,249,50,0.8353413654618473,1.0,0.8353413654618473,1.0,0,0
wikidata:Q42889:3,E-SO,0.3,3,249,50,0.8072289156626506,1.0,0.8072289156626506,1.0,0,0
wikidata:Q42889:3,E-SO,0.3,4,249,50,0.8594377510040161,1.0,0.8594377510040161,1.0,0,0
wikidata:Q42889:3,E-SO,0.3,5,249,50,0.7951807228915663,1.0,0.7951807228915663,1.0,0,0
wikidata:Q42889:3,E-SO,0.3,6,249,50,0.8875502008032129,1.0,0.8875502008032129,1.0,0,0
wikidata:Q42889:3,E-SO,0.3,7,249,50,0.8152610441767069,1.0,0.8152610441767069,1.0,0,0
wikidata:Q42889:3,E-SO,0.3,8,249,50,0.8795180722891566,1.0,0.8795180722891566,1.0,0,0
wikidata:Q42889:3,E-SO,0.3,9,249,50,0.8192771084337349,1.0,0.8192771084337349,1.0,0,0
wikidata:Q42889:3,E-SO,0.3,10,249,50,0.8433734939759037,1.0,0.8433734939759037,1.0,0,0
wikidata:Q42889:3,E-SO,0.3,11,249,50,0.8232931726907631,1.0,0.8232931726907631,1.0,0,0
wikidata:Q42889:3,E-SO,0.3,12,249,50,0.8152610441767069,1.0,0.8152610441767069,1.0,0,0
wikidata:Q42889:3,E-SO,0.3,13,249,50,0.8393574297188755,1.0,0.8393574297188755,1.0,0,0
wikidata:Q42889:3,E-SO,0.3,14,249,50,0.891566265060241,1.0,0.891566265060241,1.0,0,0
wikidata:Q42889:3,E-SO,0.3,15,249,50,0.8473895582329317,1.0,0.8473895582329317,1.0,0,0
wikidata:Q42889:3,E-SO,0.3,16,249,50,0.8835341365461847,1.0,0.8835341365461847,1.0,0,0
wikidata:Q42889:3,E-SO,0.3,17,249,50,0.8514056224899599,1.0,0.8514056224899599,1.0,0,0
wikidata:Q42889:3,E-SO,0.3,18,249,50,0.8032128514056225,1.0,0.8032128514056225,1.0,0,0
wikidata:Q42889:3,E-SO,0.3,19,249,50,0.8674698795180723,1.0,0.8674698795180723,1.0,0,0
wikidata:Q42889:3,E-SO,0.5,0,249,84,0.6827309236947792,1.0,0.6827309236947792,1.0,0,0
wikidata:Q42889:3,E-SO,0.5,1,249,84,0.7751004016064257,1.0,0.7751004016064257,1.0,0,0
wikidata:Q42889:3,E-SO,0.5,2,249,84,0.7670682730923695,1.0,0.7670682730923695,1.0,0,0
wikidata:Q42889:3,E-SO,0.5,3,249,84,0.7269076305220884,1.0,0.7269076305220884,1.0,0,0
wikidata:Q42889:3,E-SO,0.5,4,249,84,0.678714859437751,1.0,0.678714859437751,1.0,0,0
wikidata:Q42889:3,E-SO,0.5,5,249,84,0.7751004016064257,1.0,0.7751004016064257,1.0,0,0
wikidata:Q42889:3,E-SO,0.5,6,249,84,0.7550200803212851,1.0,0.7550200803212851,1.0,0,0
wikidata:Q42889:3,E-SO,0.5,7,249,84,0.7269076305220884,1.0,0.7269076305220884,1.0,0,0
wikidata:Q42889:3,E-SO,0.5,8,249,84,0.8192771084337349,1.0,0.8192771084337349,1.0,0,0
wikidata:Q42889:3,E-SO,0.5,9,249,84,0.8072289156626506,1.0,0.8072289156626506,1.0,0,0
wikidata:Q42889:3,E-SO,0.5,10,249,84,0.6987951807228916,1.0,0.6987951807228916,1.0,0,0
wikidata:Q42889:3,E-SO,0.5,11,249,84,0.7309236947791165,1.0,0.7309236947791165,1.0,0,0
wikidata:Q42889:3,E-SO,0.5,12,249,84,0.7269076305220884,1.0,0.7269076305220884,1.0,0,0
wikidata:Q42889:3,E-SO,0.5,13,249,84,0.7831325301204819,1.0,0.7831325301204819,1.0,0,0
wikidata:Q42889:3,E-SO,0.5,14,249,84,0.7068273092369478,1.0,0.7068273092369478,1.0,0,0
wikidata:Q42889:3,E-SO,0.5,15,249,84,0.7630522088353414,1.0,0.7630522088353414,1.0,0,0
wikidata:Q42889:3,E-SO,0.5,16,249,84,0.8192771084337349,1.0,0.8192771084337349,1.0,0,0
wikidata:Q42889:3,E-SO,0.5,17,249,84,0.6867469879518072,1.0,0.6867469879518072,1.0,0,0
wikidata:Q42889:3,E-SO,0.5,18,249,84,0.7710843373493976,1.0,0.7710843373493976,1.0,0,0
wikidata:Q42889:3,E-SO,0.5,19,249,84,0.7590361445783133,1.0,0.7590361445783133,1.0,0,0
wikidata:Q42889:3,E-SO,0.7,0,249,117,0.6666666666666666,1.0,0.6666666666666666,1.0,0,0
wikidata:Q42889:3,E-SO,0.7,1,249,117,0.642570281124498,1.0,0.642570281124498,1.0,0,0
wikidata:Q42889:3,E-SO,0.7,2,249,117,0.6345381526104418,1.0,0.6345381526104418,1.0,0,0
wikidata:Q42889:3,E-SO,0.7,3,249,117,0.7068273092369478,1.0,0.7068273092369478,1.0,0,0
wikidata:Q42889:3,E-SO,0.7,4,249,117,0.642570281124498,1.0,0.642570281124498,1.0,0,0
wikidata:Q42889:3,E-SO,0.7,5,249,117,0.6265060240963856,1.0,0.6265060240963856,1.0,0,0
wikidata:Q42889:3,E-SO,0.7,6,249,117,0.606425702811245,1.0,0.606425702811245,1.0,0,0
wikidata:Q42889:3,E-SO,0.7,7,249,117,0.6465863453815262,1.0,0.6465863453815262,1.0,0,0
wikidata:Q42889:3,E-SO,0.7,8,249,117,0.6385542168674698,1.0,0.6385542168674698,1.0,0,0
wikidata:Q42889:3,E-SO,0.7,9,249,117,0.6385542168674698,1.0,0.6385542168674698,1.0,0,0
wikidata:Q42889:3,E-SO,0.7,10,249,117,0.6506024096385542,1.0,0.6506024096385542,1.0,0,0
wikidata:Q42889:3,E-SO,0.7,11,249,117,0.6546184738955824,1.0,0.6546184738955824,1.0,0,0
wikidata:Q42889:3,E-SO,0.7,12,249,117,0.6746987951807228,1.0,0.6746987951807228,1.0,0,0
wikidata:Q42889:3,E-SO,0.7,13,249,117,0.7349397590361446,1.0,0.7349397590361446,1.0,0,0
wikidata:Q42889:3,E-SO,0.7,14,249,117,0.7028112449799196,1.0,0.7028112449799196,1.0,0,0
wikidata:Q42889:3,E-SO,0.7,15,249,117,0.642570281124498,1.0,0.642570281124498,1.0,0,0
wikidata:Q42889:3,E-SO,0.7,16,249,117,0.6144578313253012,1.0,0.6144578313253012,1.0,0,0
wikidata:Q42889:3,E-SO,0.7,17,249,117,0.6626506024096386,1.0,0.6626506024096386,1.0,0,0
wikidata:Q42889:3,E-SO,0.7,18,249,117,0.6867469879518072,1.0,0.6867469879518072,1.0,0,0
wikidata:Q42889:3,E-SO,0.7,19,249,117,0.6144578313253012,1.0,0.6144578313253012,1.0,0,0
wikidata:Q42889:3,E-SO,0.9,0,249,150,0.5421686746987951,1.0,0.5421686746987951,1.0,0,0
wikidata:Q42889:3,E-SO,0.9,1,249,150,0.5863453815261044,1.0,0.5863453815261044,1.0,0,0
wikidata:Q42889:3,E-SO,0.9,2,249,150,0.5502008032128514,1.0,0.5502008032128514,1.0,0,0
wikidata:Q42889:3,E-SO,0.9,3,249,150,0.5341365461847389,1.0,0.5341365461847389,1.0,0,0
wikidata:Q42889:3,E-SO,0.9,4,249,150,0.5622489959839357,1.0,0.5622489959839357,1.0,0,0
wikidata:Q42889:3,E-SO,0.9,5,249,150,0.606425702811245,1.0,0.606425702811245,1.0,0,0
wikidata:Q42889:3,E-SO,0.9,6,249,150,0.5301204819277109,1.0,0.5301204819277109,1.0,0,0
wikidata:Q42889:3,E-SO,0.9,7,249,150,0.5421686746987951,1.0,0.5421686746987951,1.0,0,0
wikidata:Q42889:3,E-SO,0.9,8,249,150,0.5020080321285141,1.0,0.5020080321285141,1.0,0,0
wikidata:Q42889:3,E-SO,0.9,9,249,150,0.5261044176706827,1.0,0.5261044176706827,1.0,0,0
wikidata:Q42889:3,E-SO,0.9,10,249,150,0.5261044176706827,1.0,0.5261044176706827,1.0,0,0
wikidata:Q42889:3,E-SO,0.9,11,249,150,0.5542168674698795,1.0,0.5542168674698795,1.0,0,0
wikidata:Q42889:3,E-SO,0.9,12,249,150,0.5502008032128514,1.0,0.5502008032128514,1.0,0,0
wikidata:Q42889:3,E-SO,0.9,13,249,150,0.5421686746987951,1.0,0.5421686746987951,1.0,0,0
wikidata:Q42889:3,E-SO,0.9,14,249,150,0.5582329317269076,1.0,0.5582329317269076,1.0,0,0
wikidata:Q42889:3,E-SO,0.9,15,249,150,0.5020080321285141,1.0,0.5020080321285141,1.0,0,0
wikidata:Q42889:3,E-SO,0.9,16,249,150,0.5341365461847389,1.0,0.5341365461847389,1.0,0,0
wikidata:Q42889:3,E-SO,0.9,17,249,150,0.5662650602409639,1.0,0.5662650602409639,1.0,0,0
wikidata:Q42889:3,E-SO,0.9,18,249,150,0.5461847389558233,1.0,0.5461847389558233,1.0,0,0
wikidata:Q42889:3,E-SO,0.9,19,249,150,0.5100401606425703,1.0,0.5100401606425703,1.0,0,0
wikidata:Q42889:3,E-HE,0.0,0,249,0,1.0,1.0,1.0,,0,0
wikidata:Q42889:3,E-HE,0.0,1,249,0,1.0,1.0,1.0,,0,0
wikidata:Q42889:3,E-HE,0.0,2,249,0,1.0,1.0,1.0,,0,0
wikidata:Q42889:3,E-HE,0.0,3,249,0,1.0,1.0,1.0,,0,0
wikidata:Q42889:3,E-HE,0.0,4,249,0,1.0,1.0,1.0,,0,0
wikidata:Q42889:3,E-HE,0.0,5,249,0,1.0,1.0,1.0,,0,0
wikidata:Q42889:3,E-HE,0.0,6,249,0,1.0,1.0,1.0,,0,0
wikidata:Q42889:3,E-HE,0.0,7,249,0,1.0,1.0,1.0,,0,0
wikidata:Q42889:3,E-HE,0.0,8,249,0,1.0,1.0,1.0,,0,0
wikidata:Q42889:3,E-HE,0.0,9,249,0,1.0,1.0,1.0,,0,0
wikidata:Q42889:3,E-HE,0.0,10,249,0,1.0,1.0,1.0,,0,0
wikidata:Q42889:3,E-HE,0.0,11,249,0,1.0,1.0,1.0,,0,0
wikidata:Q42889:3,E-HE,0.0,12,249,0,1.0,1.0,1.0,,0,0
wikidata:Q42889:3,E-HE,0.0,13,249,0,1.0,1.0,1.0,,0,0
wikidata:Q42889:3,E-HE,0.0,14,249,0,1.0,1.0,1.0,,0,0
wikidata:Q42889:3,E-HE,0.0,15,249,0,1.0,1.0,1.0,,0,0
wikidata:Q42889:3,E-HE,0.0,16,249,0,1.0,1.0,1.0,,0,0
wikidata:Q42889:3,E-HE,0.0,17,249,0,1.0,1.0,1.0,,0,0
wikidata:Q42889:3,E-HE,0.0,18,249,0,1.0,1.0,1.0,,0,0
wikidata:Q42889:3,E-HE,0.0,19,249,0,1.0,1.0,1.0,,0,0
wikidata:Q42889:3,E-HE,0.1,0,249,12,0.9036144578313253,0.9036144578313253,0.9036144578313253,,0,0
wikidata:Q42889:3,E-HE,0.1,1,249,12,0.8995983935742972,0.8995983935742972,0.8995983935742972,,0,0
wikidata:Q42889:3,E-HE,0.1,2,249,12,0.8955823293172691,0.8955823293172691,0.8955823293172691,,0,0
wikidata:Q42889:3,E-HE,0.1,3,249,12,0.8995983935742972,0.8995983935742972,0.8995983935742972,,0,0
wikidata:Q42889:3,E-HE,0.1,4,249,12,0.8955823293172691,0.8955823293172691,0.8955823293172691,,0,0
wikidata:Q42889:3,E-HE,0.1,5,249,12,0.9036144578313253,0.9036144578313253,0.9036144578313253,,0,0
wikidata:Q42889:3,E-HE,0.1,6,249,12,0.8995983935742972,0.8995983935742972,0.8995983935742972,,0,0
wikidata:Q42889:3,E-HE,0.1,7,249,12,0.8995983935742972,0.8995983935742972,0.8995983935742972,,0,0
wikidata:Q42889:3,E-HE,0.1,8,249,12,0.8995983935742972,0.8995983935742972,0.8995983935742972,,0,0
wikidata:Q42889:3,E-HE,0.1,9,249,12,0.9036144578313253,0.9036144578313253,0.9036144578313253,,0,0
wikidata:Q42889:3,E-HE,0.1,10,249,12,0.8995983935742972,0.8995983935742972,0.8995983935742972,,0,0
wikidata:Q42889:3,E-HE,0.1,11,249,12,0.9036144578313253,0.9036144578313253,0.9036144578313253,,0,0
wikidata:Q42889:3,E-HE,0.1,12,249,12,0.8955823293172691,0.8955823293172691,0.8955823293172691,,0,0
wikidata:Q42889:3,E-HE,0.1,13,249,12,0.8955823293172691,0.8955823293172691,0.8955823293172691,,0,0
wikidata:Q42889:3,E-HE,0.1,14,249,12,0.8995983935742972,0.8995983935742972,0.8995983935742972,,0,0
wikidata:Q42889:3,E-HE,0.1,15,249,12,0.8995983935742972,0.8995983935742972,0.8995983935742972,,0,0
wikidata:Q42889:3,E-HE,0.1,16,249,12,0.8995983935742972,0.8995983935742972,0.8995983935742972,,0,0
wikidata:Q42889:3,E-HE,0.1,17,249,12,0.8995983935742972,0.8995983935742972,0.8995983935742972,,0,0
wikidata:Q42889:3,E-HE,0.1,18,249,12,0.8955823293172691,0.8955823293172691,0.8955823293172691,,0,0
wikidata:Q42889:3,E-HE,0.1,19,249,12,0.8995983935742972,0.8995983935742972,0.8995983935742972,,0,0
wikidata:Q42889:3,E-HE,0.2,0,249,24,0.7991967871485943,0.7991967871485943,0.7991967871485943,,0,0
wikidata:Q42889:3,E-HE,0.2,1,249,24,0.7951807228915663,0.7951807228915663,0.7951807228915663,,0,0
wikidata:Q42889:3,E-HE,0.2,2,249,24,0.8032128514056225,0.8032128514056225,0.8032128514056225,,0,0
wikidata:Q42889:3,E-HE,0.2,3,249,24,0.7991967871485943,0.7991967871485943,0.7991967871485943,,0,0
wikidata:Q42889:3,E-HE,0.2,4,249,24,0.8032128514056225,0.8032128514056225,0.8032128514056225,,0,0
wikidata:Q42889:3,E-HE,0.2,5,249,24,0.7911646586345381,0.7911646586345381,0.7911646586345381,,0,0
wikidata:Q42889:3,E-HE,0.2,6,249,24,0.7951807228915663,0.7951807228915663,0.7951807228915663,,0,0
wikidata:Q42889:3,E-HE,0.2,7,249,24,0.8032128514056225,0.8032128514056225,0.8032128514056225,,0,0
wikidata:Q42889:3,E-HE,0.2,8,249,24,0.8032128514056225,0.8032128514056225,0.8032128514056225,,0,0
wikidata:Q42889:3,E-HE,0.2,9,249,24,0.7991967871485943,0.7991967871485943,0.7991967871485943,,0,0
wikidata:Q42889:3,E-HE,0.2,10,249,24,0.7951807228915663,0.7951807228915663,0.7951807228915663,,0,0
wikidata:Q42889:3,E-HE,0.2,11,249,24,0.8032128514056225,0.8032128514056225,0.8032128514056225,,0,0
wikidata:Q42889:3,E-HE,0.2,12,249,24,0.8032128514056225,0.8032128514056225,0.8032128514056225,,0,0
wikidata:Q42889:3,E-HE,0.2,13,249,24,0.7991967871485943,0.7991967871485943,0.7991967871485943,,0,0
wikidata:Q42889:3,E-HE,0.2,14,249,24,0.7991967871485943,0.7991967871485943,0.7991967871485943,,0,0
wikidata:Q42889:3,E-HE,0.2,15,249,24,0.8032128514056225,0.8032128514056225,0.8032128514056225,,0,0
wikidata:Q42889:3,E-HE,0.2,16,249,24,0.8072289156626506,0.8072289156626506,0.8072289156626506,,0,0
wikidata:Q42889:3,E-HE,0.2,17,249,24,0.7951807228915663,0.7951807228915663,0.7951807228915663,,0,0
wikidata:Q42889:3,E-HE,0.2,18,249,24,0.7991967871485943,0.7991967871485943,0.7991967871485943,,0,0
wikidata:Q42889:3,E-HE,0.2,19,249,24,0.7991967871485943,0.7991967871485943,0.7991967871485943,,0,0
wikidata:Q42889:3,E-HE,0.3,0,249,36,0.7028112449799196,0.7028112449799196,0.7028112449799196,,0,0
wikidata:Q42889:3,E-HE,0.3,1,249,36,0.6907630522088354,0.6907630522088354,0.6907630522088354,,0,0
wikidata:Q42889:3,E-HE,0.3,2,249,36,0.7028112449799196,0.7028112449799196,0.7028112449799196,,0,0
wikidata:Q42889:3,E-HE,0.3,3,249,36,0.6947791164658634,0.6947791164658634,0.6947791164658634,,0,0
wikidata:Q42889:3,E-HE,0.3,4,249,36,0.6987951807228916,0.6987951807228916,0.6987951807228916,,0,0
wikidata:Q42889:3,E-HE,0.3,5,249,36,0.6947791164658634,0.6947791164658634,0.6947791164658634,,0,0
wikidata:Q42889:3,E-HE,0.3,6,249,36,0.6947791164658634,0.6947791164658634,0.6947791164658634,,0,0
wikidata:Q42889:3,E-HE,0.3,7,249,36,0.6987951807228916,0.6987951807228916,0.6987951807228916,,0,0
wikidata:Q42889:3,E-HE,0.3,8,249,36,0.6947791164658634,0.6947791164658634,0.6947791164658634,,0,0
wikidata:Q42889:3,E-HE,0.3,9,249,36,0.7028112449799196,0.7028112449799196,0.7028112449799196,,0,0
wikidata:Q42889:3,E-HE,0.3,10,249,36,0.7028112449799196,0.7028112449799196,0.7028112449799196,,0,0
wikidata:Q42889:3,E-HE,0.3,11,249,36,0.7028112449799196,0.7028112449799196,0.7028112449799196,,0,0
wikidata:Q42889:3,E-HE,0.3,12,249,36,0.7028112449799196,0.7028112449799196,0.7028112449799196,,0,0
wikidata:Q42889:3,E-HE,0.3,13,249,36,0.6947791164658634,0.6947791164658634,0.6947791164658634,,0,0
wikidata:Q42889:3,E-HE,0.3,14,249,36,0.7028112449799196,0.7028112449799196,0.7028112449799196,,0,0
wikidata:Q42889:3,E-HE,0.3,15,249,36,0.6947791164658634,0.6947791164658634,0.6947791164658634,,0,0
wikidata:Q42889:3,E-HE,0.3,16,249,36,0.6987951807228916,0.6987951807228916,0.6987951807228916,,0,0
wikidata:Q42889:3,E-HE,0.3,17,249,36,0.6987951807228916,0.6987951807228916,0.6987951807228916,,0,0
wikidata:Q42889:3,E-HE,0.3,18,249,36,0.7028112449799196,0.7028112449799196,0.7028112449799196,,0,0
wikidata:Q42889:3,E-HE,0.3,19,249,36,0.6907630522088354,0.6907630522088354,0.6907630522088354,,0,0
wikidata:Q42889:3,E-HE,0.5,0,249,60,0.5060240963855421,0.5060240963855421,0.5060240963855421,,0,0
wikidata:Q42889:3,E-HE,0.5,1,249,60,0.5100401606425703,0.5100401606425703,0.5100401606425703,,0,0
wikidata:Q42889:3,E-HE,0.5,2,249,60,0.5020080321285141,0.5020080321285141,0.5020080321285141,,0,0
wikidata:Q42889:3,E-HE,0.5,3,249,60,0.4939759036144578,0.4939759036144578,0.4939759036144578,,0,0
wikidata:Q42889:3,E-HE,0.5,4,249,60,0.4979919678714859,0.4979919678714859,0.4979919678714859,,0,0
wikidata:Q42889:3,E-HE,0.5,5,249,60,0.5020080321285141,0.5020080321285141,0.5020080321285141,,0,0
wikidata:Q42889:3,E-HE,0.5,6,249,60,0.4979919678714859,0.4979919678714859,0.4979919678714859,,0,0
wikidata:Q42889:3,E-HE,0.5,7,249,60,0.4939759036144578,0.4939759036144578,0.4939759036144578,,0,0
wikidata:Q42889:3,E-HE,0.5,8,249,60,0.5020080321285141,0.5020080321285141,0.5020080321285141,,0,0
wikidata:Q42889:3,E-HE,0.5,9,249,60,0.4979919678714859,0.4979919678714859,0.4979919678714859,,0,0
wikidata:Q42889:3,E-HE,0.5,10,249,60,0.5020080321285141,0.5020080321285141,0.5020080321285141,,0,0
wikidata:Q42889:3,E-HE,0.5,11,249,60,0.5060240963855421,0.5060240963855421,0.5060240963855421,,0,0
wikidata:Q42889:3,E-HE,0.5,12,249,60,0.4979919678714859,0.4979919678714859,0.4979919678714859,,0,0
wikidata:Q42889:3,E-HE,0.5,13,249,60,0.4939759036144578,0.4939759036144578,0.4939759036144578,,0,0
wikidata:Q42889:3,E-HE,0.5,14,249,60,0.4939759036144578,0.4939759036144578,0.4939759036144578,,0,0
wikidata:Q42889:3,E-HE,0.5,15,249,60,0.4979919678714859,0.4979919678714859,0.4979919678714859,,0,0
wikidata:Q42889:3,E-HE,0.5,16,249,60,0.4939759036144578,0.4939759036144578,0.4939759036144578,,0,0
wikidata:Q42889:3,E-HE,0.5,17,249,60,0.4979919678714859,0.4979919678714859,0.4979919678714859,,0,0
wikidata:Q42889:3,E-HE,0.5,18,249,60,0.5060240963855421,0.5060240963855421,0.5060240963855421,,0,0
wikidata:Q42889:3,E-HE,0.5,19,249,60,0.4979919678714859,0.4979919678714859,0.4979919678714859,,0,0
wikidata:Q42889:3,E-HE,0.7,0,249,84,0.2891566265060241,0.2891566265060241,0.2891566265060241,,0,0
wikidata:Q42889:3,E-HE,0.7,1,249,84,0.2971887550200803,0.2971887550200803,0.2971887550200803,,0,0
wikidata:Q42889:3,E-HE,0.7,2,249,84,0.2971887550200803,0.2971887550200803,0.2971887550200803,,0,0
wikidata:Q42889:3,E-HE,0.7,3,249,84,0.2931726907630522,0.2931726907630522,0.2931726907630522,,0,0
wikidata:Q42889:3,E-HE,0.7,4,249,84,0.30120481927710846,0.30120481927710846,0.30120481927710846,,0,0
wikidata:Q42889:3,E-HE,0.7,5,249,84,0.2971887550200803,0.2971887550200803,0.2971887550200803,,0,0
wikidata:Q42889:3,E-HE,0.7,6,249,84,0.30522088353413657,0.30522088353413657,0.30522088353413657,,0,0
wikidata:Q42889:3,E-HE,0.7,7,249,84,0.2891566265060241,0.2891566265060241,0.2891566265060241,,0,0
wikidata:Q42889:3,E-HE,0.7,8,249,84,0.30120481927710846,0.30120481927710846,0.30120481927710846,,0,0
wikidata:Q42889:3,E-HE,0.7,9,249,84,0.2971887550200803,0.2971887550200803,0.2971887550200803,,0,0
wikidata:Q42889:3,E-HE,0.7,10,249,84,0.30120481927710846,0.30120481927710846,0.30120481927710846,,0,0
wikidata:Q42889:3,E-HE,0.7,11,249,84,0.3172690763052209,0.3172690763052209,0.3172690763052209,,0,0
wikidata:Q42889:3,E-HE,0.7,12,249,84,0.2971887550200803,0.2971887550200803,0.2971887550200803,,0,0
wikidata:Q42889:3,E-HE,0.7,13,249,84,0.2971887550200803,0.2971887550200803,0.2971887550200803,,0,0
wikidata:Q42889:3,E-HE,0.7,14,249,84,0.2971887550200803,0.2971887550200803,0.2971887550200803,,0,0
wikidata:Q42889:3,E-HE,0.7,15,249,84,0.30522088353413657,0.30522088353413657,0.30522088353413657,,0,0
wikidata:Q42889:3,E-HE,0.7,16,249,84,0.2971887550200803,0.2971887550200803,0.2971887550200803,,0,0
wikidata:Q42889:3,E-HE,0.7,17,249,84,0.30120481927710846,0.30120481927710846,0.30120481927710846,,0,0
wikidata:Q42889:3,E-HE,0.7,18,249,84,0.30120481927710846,0.30120481927710846,0.30120481927710846,,0,0
wikidata:Q42889:3,E-HE,0.7,19,249,84,0.30522088353413657,0.30522088353413657,0.30522088353413657,,0,0
wikidata:Q42889:3,E-HE,0.9,0,249,108,0.0963855421686747,0.0963855421686747,0.0963855421686747,,0,0
wikidata:Q42889:3,E-HE,0.9,1,249,108,0.10040160642570281,0.10040160642570281,0.10040160642570281,,0,0
wikidata:Q42889:3,E-HE,0.9,2,249,108,0.10441767068273092,0.10441767068273092,0.10441767068273092,,0,0
wikidata:Q42889:3,E-HE,0.9,3,249,108,0.10441767068273092,0.10441767068273092,0.10441767068273092,,0,0
wikidata:Q42889:3,E-HE,0.9,4,249,108,0.0963855421686747,0.0963855421686747,0.0963855421686747,,0,0
wikidata:Q42889:3,E-HE,0.9,5,249,108,0.10040160642570281,0.10040160642570281,0.10040160642570281,,0,0
wikidata:Q42889:3,E-HE,0.9,6,249,108,0.0963855421686747,0.0963855421686747,0.0963855421686747,,0,0
wikidata:Q42889:3,E-HE,0.9,7,249,108,0.0963855421686747,0.0963855421686747,0.0963855421686747,,0,0
wikidata:Q42889:3,E-HE,0.9,8,249,108,0.10040160642570281,0.10040160642570281,0.10040160642570281,,0,0
wikidata:Q42889:3,E-HE,0.9,9,249,108,0.0963855421686747,0.0963855421686747,0.0963855421686747,,0,0
wikidata:Q42889:3,E-HE,0.9,10,249,108,0.0963855421686747,0.0963855421686747,0.0963855421686747,,0,0
wikidata:Q42889:3,E-HE,0.9,11,249,108,0.10441767068273092,0.10441767068273092,0.10441767068273092,,0,0
wikidata:Q42889:3,E-HE,0.9,12,249,108,0.0963855421686747,0.0963855421686747,0.0963855421686747,,0,0
wikidata:Q42889:3,E-HE,0.9,13,249,108,0.10040160642570281,0.10040160642570281,0.10040160642570281,,0,0
wikidata:Q42889:3,E-HE,0.9,14,249,108,0.11244979919678715,0.11244979919678715,0.11244979919678715,,0,0
wikidata:Q42889:3,E-HE,0.9,15,249,108,0.10441767068273092,0.10441767068273092,0.10441767068273092,,0,0
wikidata:Q42889:3,E-HE,0.9,16,249,108,0.10040160642570281,0.10040160642570281,0.10040160642570281,,0,0
wikidata:Q42889:3,E-HE,0.9,17,249,108,0.10040160642570281,0.10040160642570281,0.10040160642570281,,0,0
wikidata:Q42889:3,E-HE,0.9,18,249,108,0.0963855421686747,0.0963855421686747,0.0963855421686747,,0,0
wikidata:Q42889:3,E-HE,0.9,19,249,108,0.10040160642570281,0.10040160642570281,0.10040160642570281,,0,0
wikidata:Q42889:3,E-HX,0.0,0,249,0,1.0,1.0,1.0,,0,0
wikidata:Q42889:3,E-HX,0.0,1,249,0,1.0,1.0,1.0,,0,0
wikidata:Q42889:3,E-HX,0.0,2,249,0,1.0,1.0,1.0,,0,0
wikidata:Q42889:3,E-HX,0.0,3,249,0,1.0,1.0,1.0,,0,0
wikidata:Q42889:3,E-HX,0.0,4,249,0,1.0,1.0,1.0,,0,0
wikidata:Q42889:3,E-HX,0.0,5,249,0,1.0,1.0,1.0,,0,0
wikidata:Q42889:3,E-HX,0.0,6,249,0,1.0,1.0,1.0,,0,0
wikidata:Q42889:3,E-HX,0.0,7,249,0,1.0,1.0,1.0,,0,0
wikidata:Q42889:3,E-HX,0.0,8,249,0,1.0,1.0,1.0,,0,0
wikidata:Q42889:3,E-HX,0.0,9,249,0,1.0,1.0,1.0,,0,0
wikidata:Q42889:3,E-HX,0.0,10,249,0,1.0,1.0,1.0,,0,0
wikidata:Q42889:3,E-HX,0.0,11,249,0,1.0,1.0,1.0,,0,0
wikidata:Q42889:3,E-HX,0.0,12,249,0,1.0,1.0,1.0,,0,0
wikidata:Q42889:3,E-HX,0.0,13,249,0,1.0,1.0,1.0,,0,0
wikidata:Q42889:3,E-HX,0.0,14,249,0,1.0,1.0,1.0,,0,0
wikidata:Q42889:3,E-HX,0.0,15,249,0,1.0,1.0,1.0,,0,0
wikidata:Q42889:3,E-HX,0.0,16,249,0,1.0,1.0,1.0,,0,0
wikidata:Q42889:3,E-HX,0.0,17,249,0,1.0,1.0,1.0,,0,0
wikidata:Q42889:3,E-HX,0.0,18,249,0,1.0,1.0,1.0,,0,0
wikidata:Q42889:3,E-HX,0.0,19,249,0,1.0,1.0,1.0,,0,0
wikidata:Q42889:3,E-HX,0.1,0,249,16,0.9518072289156626,1.0,1.0,1.0,12,0
wikidata:Q42889:3,E-HX,0.1,1,249,16,0.4899598393574297,1.0,1.0,1.0,127,0
wikidata:Q42889:3,E-HX,0.1,2,249,16,0.4779116465863454,1.0,1.0,1.0,130,0
wikidata:Q42889:3,E-HX,0.1,3,249,16,0.963855421686747,1.0,1.0,1.0,9,0
wikidata:Q42889:3,E-HX,0.1,4,249,16,0.9437751004016064,1.0,1.0,1.0,14,0
wikidata:Q42889:3,E-HX,0.1,5,249,16,0.963855421686747,1.0,1.0,1.0,9,0
wikidata:Q42889:3,E-HX,0.1,6,249,16,0.9076305220883534,1.0,1.0,1.0,23,0
wikidata:Q42889:3,E-HX,0.1,7,249,16,0.9477911646586346,1.0,1.0,1.0,13,0
wikidata:Q42889:3,E-HX,0.1,8,249,16,0.9477911646586346,1.0,1.0,1.0,13,0
wikidata:Q42889:3,E-HX,0.1,9,249,16,0.9518072289156626,1.0,1.0,1.0,12,0
wikidata:Q42889:3,E-HX,0.1,10,249,16,0.9678714859437751,1.0,1.0,1.0,8,0
wikidata:Q42889:3,E-HX,0.1,11,249,16,0.9759036144578314,1.0,1.0,1.0,6,0
wikidata:Q42889:3,E-HX,0.1,12,249,16,0.9357429718875502,1.0,1.0,1.0,16,0
wikidata:Q42889:3,E-HX,0.1,13,249,16,0.9236947791164659,1.0,1.0,1.0,19,0
wikidata:Q42889:3,E-HX,0.1,14,249,16,0.9839357429718876,1.0,1.0,1.0,4,0
wikidata:Q42889:3,E-HX,0.1,15,249,16,0.4738955823293173,1.0,1.0,1.0,131,0
wikidata:Q42889:3,E-HX,0.1,16,249,16,0.9718875502008032,1.0,1.0,1.0,7,0
wikidata:Q42889:3,E-HX,0.1,17,249,16,0.9196787148594378,1.0,1.0,1.0,20,0
wikidata:Q42889:3,E-HX,0.1,18,249,16,0.9116465863453815,1.0,1.0,1.0,22,0
wikidata:Q42889:3,E-HX,0.1,19,249,16,0.9718875502008032,1.0,1.0,1.0,7,0
wikidata:Q42889:3,E-HX,0.2,0,249,32,0.8393574297188755,1.0,1.0,1.0,40,0
wikidata:Q42889:3,E-HX,0.2,1,249,32,0.42168674698795183,1.0,1.0,1.0,144,0
wikidata:Q42889:3,E-HX,0.2,2,249,32,0.8835341365461847,1.0,1.0,1.0,29,0
wikidata:Q42889:3,E-HX,0.2,3,249,32,0.9116465863453815,1.0,1.0,1.0,22,0
wikidata:Q42889:3,E-HX,0.2,4,249,32,0.9437751004016064,1.0,1.0,1.0,14,0
wikidata:Q42889:3,E-HX,0.2,5,249,32,0.46184738955823296,1.0,1.0,1.0,134,0
wikidata:Q42889:3,E-HX,0.2,6,249,32,0.43775100401606426,1.0,1.0,1.0,140,0
wikidata:Q42889:3,E-HX,0.2,7,249,32,0.891566265060241,1.0,1.0,1.0,27,0
wikidata:Q42889:3,E-HX,0.2,8,249,32,0.8875502008032129,1.0,1.0,1.0,28,0
wikidata:Q42889:3,E-HX,0.2,9,249,32,0.8674698795180723,1.0,1.0,1.0,33,0
wikidata:Q42889:3,E-HX,0.2,10,249,32,0.8594377510040161,1.0,1.0,1.0,35,0
wikidata:Q42889:3,E-HX,0.2,11,249,32,0.39759036144578314,1.0,1.0,1.0,150,0
wikidata:Q42889:3,E-HX,0.2,12,249,32,0.9076305220883534,1.0,1.0,1.0,23,0
wikidata:Q42889:3,E-HX,0.2,13,249,32,0.9076305220883534,1.0,1.0,1.0,23,0
wikidata:Q42889:3,E-HX,0.2,14,249,32,0.39759036144578314,1.0,1.0,1.0,150,0
wikidata:Q42889:3,E-HX,0.2,15,249,32,0.9036144578313253,1.0,1.0,1.0,24,0
wikidata:Q42889:3,E-HX,0.2,16,249,32,0.40160642570281124,1.0,1.0,1.0,149,0
wikidata:Q42889:3,E-HX,0.2,17,249,32,0.9317269076305221,1.0,1.0,1.0,17,0
wikidata:Q42889:3,E-HX,0.2,18,249,32,0.9036144578313253,1.0,1.0,1.0,24,0
wikidata:Q42889:3,E-HX,0.2,19,249,32,0.891566265060241,1.0,1.0,1.0,27,0
wikidata:Q42889:3,E-HX,0.3,0,249,49,0.8313253012048193,1.0,1.0,1.0,42,0
wikidata:Q42889:3,E-HX,0.3,1,249,49,0.8393574297188755,1.0,1.0,1.0,40,0
wikidata:Q42889:3,E-HX,0.3,2,249,49,0.7991967871485943,1.0,1.0,1.0,50,0
wikidata:Q42889:3,E-HX,0.3,3,249,49,0.8192771084337349,1.0,1.0,1.0,45,0
wikidata:Q42889:3,E-HX,0.3,4,249,49,0.37751004016064255,1.0,1.0,1.0,155,0
wikidata:Q42889:3,E-HX,0.3,5,249,49,0.3373493975903614,1.0,1.0,1.0,165,0
wikidata:Q42889:3,E-HX,0.3,6,249,49,0.9076305220883534,1.0,1.0,1.0,23,0
wikidata:Q42889:3,E-HX,0.3,7,249,49,0.7831325301204819,1.0,1.0,1.0,54,0
wikidata:Q42889:3,E-HX,0.3,8,249,49,0.8393574297188755,1.0,1.0,1.0,40,0
wikidata:Q42889:3,E-HX,0.3,9,249,49,0.9036144578313253,1.0,1.0,1.0,24,0
wikidata:Q42889:3,E-HX,0.3,10,249,49,0.3172690763052209,1.0,1.0,1.0,170,0
wikidata:Q42889:3,E-HX,0.3,11,249,49,0.8273092369477911,1.0,1.0,1.0,43,0
wikidata:Q42889:3,E-HX,0.3,12,249,49,0.8192771084337349,1.0,1.0,1.0,45,0
wikidata:Q42889:3,E-HX,0.3,13,249,49,0.8995983935742972,1.0,1.0,1.0,25,0
wikidata:Q42889:3,E-HX,0.3,14,249,49,0.3253012048192771,1.0,1.0,1.0,168,0
wikidata:Q42889:3,E-HX,0.3,15,249,49,0.8353413654618473,1.0,1.0,1.0,41,0
wikidata:Q42889:3,E-HX,0.3,16,249,49,0.8112449799196787,1.0,1.0,1.0,47,0
wikidata:Q42889:3,E-HX,0.3,17,249,49,0.3413654618473896,1.0,1.0,1.0,164,0
wikidata:Q42889:3,E-HX,0.3,18,249,49,0.7911646586345381,1.0,1.0,1.0,52,0
wikidata:Q42889:3,E-HX,0.3,19,249,49,0.7951807228915663,1.0,1.0,1.0,51,0
wikidata:Q42889:3,E-HX,0.5,0,249,81,0.8072289156626506,1.0,1.0,1.0,48,0
wikidata:Q42889:3,E-HX,0.5,1,249,81,0.27710843373493976,1.0,1.0,1.0,180,0
wikidata:Q42889:3,E-HX,0.5,2,249,81,0.7831325301204819,1.0,1.0,1.0,54,0
wikidata:Q42889:3,E-HX,0.5,3,249,81,0.7791164658634538,1.0,1.0,1.0,55,0
wikidata:Q42889:3,E-HX,0.5,4,249,81,0.7108433734939759,1.0,1.0,1.0,72,0
wikidata:Q42889:3,E-HX,0.5,5,249,81,0.3253012048192771,1.0,1.0,1.0,168,0
wikidata:Q42889:3,E-HX,0.5,6,249,81,0.3092369477911647,1.0,1.0,1.0,172,0
wikidata:Q42889:3,E-HX,0.5,7,249,81,0.3614457831325301,1.0,1.0,1.0,159,0
wikidata:Q42889:3,E-HX,0.5,8,249,81,0.6626506024096386,1.0,1.0,1.0,84,0
wikidata:Q42889:3,E-HX,0.5,9,249,81,0.30120481927710846,1.0,1.0,1.0,174,0
wikidata:Q42889:3,E-HX,0.5,10,249,81,0.21285140562248997,1.0,1.0,1.0,196,0
wikidata:Q42889:3,E-HX,0.5,11,249,81,0.3172690763052209,1.0,1.0,1.0,170,0
wikidata:Q42889:3,E-HX,0.5,12,249,81,0.23694779116465864,1.0,1.0,1.0,190,0
wikidata:Q42889:3,E-HX,0.5,13,249,81,0.2289156626506024,1.0,1.0,1.0,192,0
wikidata:Q42889:3,E-HX,0.5,14,249,81,0.751004016064257,1.0,1.0,1.0,62,0
wikidata:Q42889:3,E-HX,0.5,15,249,81,0.7469879518072289,1.0,1.0,1.0,63,0
wikidata:Q42889:3,E-HX,0.5,16,249,81,0.2971887550200803,1.0,1.0,1.0,175,0
wikidata:Q42889:3,E-HX,0.5,17,249,81,0.26104417670682734,1.0,1.0,1.0,184,0
wikidata:Q42889:3,E-HX,0.5,18,249,81,0.23694779116465864,1.0,1.0,1.0,190,0
wikidata:Q42889:3,E-HX,0.5,19,249,81,0.8072289156626506,1.0,1.0,1.0,48,0
wikidata:Q42889:3,E-HX,0.7,0,249,113,0.14859437751004015,1.0,1.0,1.0,212,0
wikidata:Q42889:3,E-HX,0.7,1,249,113,0.1686746987951807,1.0,1.0,1.0,207,0
wikidata:Q42889:3,E-HX,0.7,2,249,113,0.1285140562248996,1.0,1.0,1.0,217,0
wikidata:Q42889:3,E-HX,0.7,3,249,113,0.6265060240963856,1.0,1.0,1.0,93,0
wikidata:Q42889:3,E-HX,0.7,4,249,113,0.11244979919678715,1.0,1.0,1.0,221,0
wikidata:Q42889:3,E-HX,0.7,5,249,113,0.13253012048192772,1.0,1.0,1.0,216,0
wikidata:Q42889:3,E-HX,0.7,6,249,113,0.1606425702811245,1.0,1.0,1.0,209,0
wikidata:Q42889:3,E-HX,0.7,7,249,113,0.1646586345381526,1.0,1.0,1.0,208,0
wikidata:Q42889:3,E-HX,0.7,8,249,113,0.12449799196787148,1.0,1.0,1.0,218,0
wikidata:Q42889:3,E-HX,0.7,9,249,113,0.15261044176706828,1.0,1.0,1.0,211,0
wikidata:Q42889:3,E-HX,0.7,10,249,113,0.13654618473895583,1.0,1.0,1.0,215,0
wikidata:Q42889:3,E-HX,0.7,11,249,113,0.6867469879518072,1.0,1.0,1.0,78,0
wikidata:Q42889:3,E-HX,0.7,12,249,113,0.24096385542168675,1.0,1.0,1.0,189,0
wikidata:Q42889:3,E-HX,0.7,13,249,113,0.1686746987951807,1.0,1.0,1.0,207,0
wikidata:Q42889:3,E-HX,0.7,14,249,113,0.1686746987951807,1.0,1.0,1.0,207,0
wikidata:Q42889:3,E-HX,0.7,15,249,113,0.12449799196787148,1.0,1.0,1.0,218,0
wikidata:Q42889:3,E-HX,0.7,16,249,113,0.1606425702811245,1.0,1.0,1.0,209,0
wikidata:Q42889:3,E-HX,0.7,17,249,113,0.606425702811245,1.0,1.0,1.0,98,0
wikidata:Q42889:3,E-HX,0.7,18,249,113,0.606425702811245,1.0,1.0,1.0,98,0
wikidata:Q42889:3,E-HX,0.7,19,249,113,0.14457831325301204,1.0,1.0,1.0,213,0
wikidata:Q42889:3,E-HX,0.9,0,249,146,0.020080321285140562,1.0,1.0,1.0,244,0
wikidata:Q42889:3,E-HX,0.9,1,249,146,0.04417670682730924,1.0,1.0,1.0,238,0
wikidata:Q42889:3,E-HX,0.9,2,249,146,0.040160642570281124,1.0,1.0,1.0,239,0
wikidata:Q42889:3,E-HX,0.9,3,249,146,0.04819277108433735,1.0,1.0,1.0,237,0
wikidata:Q42889:3,E-HX,0.9,4,249,146,0.05220883534136546,1.0,1.0,1.0,236,0
wikidata:Q42889:3,E-HX,0.9,5,249,146,0.09236947791164658,1.0,1.0,1.0,226,0
wikidata:Q42889:3,E-HX,0.9,6,249,146,0.040160642570281124,1.0,1.0,1.0,239,0
wikidata:Q42889:3,E-HX,0.9,7,249,146,0.07630522088353414,1.0,1.0,1.0,230,0
wikidata:Q42889:3,E-HX,0.9,8,249,146,0.07630522088353414,1.0,1.0,1.0,230,0
wikidata:Q42889:3,E-HX,0.9,9,249,146,0.04819277108433735,1.0,1.0,1.0,237,0
wikidata:Q42889:3,E-HX,0.9,10,249,146,0.5060240963855421,1.0,1.0,1.0,123,0
wikidata:Q42889:3,E-HX,0.9,11,249,146,0.024096385542168676,1.0,1.0,1.0,243,0
wikidata:Q42889:3,E-HX,0.9,12,249,146,0.5301204819277109,1.0,1.0,1.0,117,0
wikidata:Q42889:3,E-HX,0.9,13,249,146,0.040160642570281124,1.0,1.0,1.0,239,0
wikidata:Q42889:3,E-HX,0.9,14,249,146,0.04819277108433735,1.0,1.0,1.0,237,0
wikidata:Q42889:3,E-HX,0.9,15,249,146,0.040160642570281124,1.0,1.0,1.0,239,0
wikidata:Q42889:3,E-HX,0.9,16,249,146,0.08433734939759036,1.0,1.0,1.0,228,0
wikidata:Q42889:3,E-HX,0.9,17,249,146,0.04417670682730924,1.0,1.0,1.0,238,0
wikidata:Q42889:3,E-HX,0.9,18,249,146,0.5140562248995983,1.0,1.0,1.0,121,0
wikidata:Q42889:3,E-HX,0.9,19,249,146,0.0321285140562249,1.0,1.0,1.0,241,0
